Workbook

Sheet DPR
A1: DPR - RAPORT MUJOR - QERSHOR 2026
A2: NR | B2: KOMERCIAL | C2: 1 | D2: 2 | E2: 3 | F2: 4 | G2: 5 | H2: 6 | I2: 7 | J2: 8 | K2: 9 | L2: 10 | M2: 11 | N2: 12 | O2: 13 | P2: 14 | Q2: 15 | R2: 16 | S2: 17 | T2: 18 | U2: 19 | V2: 20 | W2: 21 | X2: 22 | Y2: 23 | Z2: 24 | AA2: 25 | AB2: 26 | AC2: 27 | AD2: 28 | AE2: 29 | AF2: 30 | AG2: 31 | AI2: Totali
A3: 1 | B3: Kontrollimi periodik i GM | C3: ='01.07.2026'!C5 -> 0 | D3: ='02.07.2026'!C5 -> 0 | E3: ='03.07.2026'!C5 -> 4 | F3: ='04.07.2026'!C5 -> 0 | H3: ='06.07.2026'!C5 -> 6 | I3: ='07.07.2026'!C5 -> 16 | J3: ='08.07.2026'!C5 -> 13 | K3: ='09.07.2026'!C5 -> 9 | L3: ='10.07.2026'!C5 -> 16 | M3: ='11.07.2026'!C5 -> 0 | O3: ='13.07.2026'!C5 -> 15 | P3: ='14.07.2026'!C5 -> 14 | Q3: ='15.07.2026'!C5 -> 11 | R3: ='16.07.2026'!C5 -> 16 | S3: ='17.07.2026'!C5 -> 11 | T3: ='18.07.2026'!C5 -> 0 | V3: ='20.07.2026'!C5 -> 14 | W3: ='21.07.2026'!C5 -> 11 | X3: ='22.07.2026'!C5 -> 4 | Y3: ='23.07.2026'!C5 -> 13 | Z3: ='24.07.2026'!C5 -> 6 | AA3: ='25.07.2026'!C5 -> 0 | AC3: ='27.07.2026'!C5 -> 13 | AD3: ='28.07.2026'!C5 -> 4 | AE3: ='29.07.2026'!C5 -> 6 | AF3: ='30.07.2026'!C5 -> 4 | AG3: ='31.07.2026'!C5 -> 6 | AI3: =SUM(C3:AF3) -> 206
A4: 2 | B4: Kontrollimi sipas DV i GM | C4: ='01.07.2026'!C6 -> 0 | D4: ='02.07.2026'!C6 -> 0 | E4: ='03.07.2026'!C6 -> 0 | F4: ='04.07.2026'!C6 -> 0 | H4: ='06.07.2026'!C6 -> 0 | I4: ='07.07.2026'!C6 -> 0 | J4: ='08.07.2026'!C6 -> 0 | K4: ='09.07.2026'!C6 -> 0 | L4: ='10.07.2026'!C6 -> 0 | M4: ='11.07.2026'!C6 -> 0 | O4: ='13.07.2026'!C6 -> 0 | P4: ='14.07.2026'!C6 -> 0 | Q4: ='15.07.2026'!C6 -> 0 | R4: ='16.07.2026'!C6 -> 0 | S4: ='17.07.2026'!C6 -> 0 | T4: ='18.07.2026'!C6 -> 0 | V4: ='20.07.2026'!C6 -> 0 | W4: ='21.07.2026'!C6 -> 0 | X4: ='22.07.2026'!C6 -> 0 | Y4: ='23.07.2026'!C6 -> 0 | Z4: ='24.07.2026'!C6 -> 0 | AA4: ='25.07.2026'!C6 -> 0 | AC4: ='27.07.2026'!C6 -> 0 | AD4: ='28.07.2026'!C6 -> 0 | AE4: ='29.07.2026'!C6 -> 0 | AF4: ='30.07.2026'!C6 -> 0 | AG4: ='31.07.2026'!C6 -> 0 | AI4: =SUM(C4:AF4) -> 0
A5: 3 | B5: Ndërrimi i TMRR-ve | C5: ='01.07.2026'!C7 -> 0 | D5: ='02.07.2026'!C7 -> 0 | E5: ='03.07.2026'!C7 -> 0 | F5: ='04.07.2026'!C7 -> 0 | H5: ='06.07.2026'!C7 -> 0 | I5: ='07.07.2026'!C7 -> 0 | J5: ='08.07.2026'!C7 -> 0 | K5: ='09.07.2026'!C7 -> 2 | L5: ='10.07.2026'!C7 -> 0 | M5: ='11.07.2026'!C7 -> 0 | O5: ='13.07.2026'!C7 -> 0 | P5: ='14.07.2026'!C7 -> 0 | Q5: ='15.07.2026'!C7 -> 0 | R5: ='16.07.2026'!C7 -> 0 | S5: ='17.07.2026'!C7 -> 0 | T5: ='18.07.2026'!C7 -> 0 | V5: ='20.07.2026'!C7 -> 0 | W5: ='21.07.2026'!C7 -> 1 | X5: ='22.07.2026'!C7 -> 1 | Y5: ='23.07.2026'!C7 -> 0 | Z5: ='24.07.2026'!C7 -> 0 | AA5: ='25.07.2026'!C7 -> 0 | AC5: ='27.07.2026'!C7 -> 0 | AD5: ='28.07.2026'!C7 -> 0 | AE5: ='29.07.2026'!C7 -> 0 | AF5: ='30.07.2026'!C7 -> 0 | AG5: ='31.07.2026'!C7 -> 0 | AI5: =SUM(C5:AF5) -> 4
A6: 4 | B6: Ndërrimi i njehsorit | C6: ='01.07.2026'!C8 -> 0 | D6: ='02.07.2026'!C8 -> 0 | E6: ='03.07.2026'!C8 -> 0 | F6: ='04.07.2026'!C8 -> 4 | H6: ='06.07.2026'!C8 -> 1 | I6: ='07.07.2026'!C8 -> 1 | J6: ='08.07.2026'!C8 -> 0 | K6: ='09.07.2026'!C8 -> 0 | L6: ='10.07.2026'!C8 -> 0 | M6: ='11.07.2026'!C8 -> 0 | O6: ='13.07.2026'!C8 -> 0 | P6: ='14.07.2026'!C8 -> 0 | Q6: ='15.07.2026'!C8 -> 0 | R6: ='16.07.2026'!C8 -> 0 | S6: ='17.07.2026'!C8 -> 0 | T6: ='18.07.2026'!C8 -> 0 | V6: ='20.07.2026'!C8 -> 0 | W6: ='21.07.2026'!C8 -> 0 | X6: ='22.07.2026'!C8 -> 0 | Y6: ='23.07.2026'!C8 -> 0 | Z6: ='24.07.2026'!C8 -> 0 | AA6: ='25.07.2026'!C8 -> 0 | AC6: ='27.07.2026'!C8 -> 0 | AD6: ='28.07.2026'!C8 -> 0 | AE6: ='29.07.2026'!C8 -> 0 | AF6: ='30.07.2026'!C8 -> 0 | AG6: ='31.07.2026'!C8 -> 0 | AI6: =SUM(C6:AF6) -> 6
A7: 5 | B7: Montimet e GM me PEE | C7: ='01.07.2026'!C9 -> 0 | D7: ='02.07.2026'!C9 -> 1 | E7: ='03.07.2026'!C9 -> 6 | F7: ='04.07.2026'!C9 -> 1 | H7: ='06.07.2026'!C9 -> 0 | I7: ='07.07.2026'!C9 -> 0 | J7: ='08.07.2026'!C9 -> 0 | K7: ='09.07.2026'!C9 -> 0 | L7: ='10.07.2026'!C9 -> 0 | M7: ='11.07.2026'!C9 -> 0 | O7: ='13.07.2026'!C9 -> 0 | P7: ='14.07.2026'!C9 -> 0 | Q7: ='15.07.2026'!C9 -> 1 | R7: ='16.07.2026'!C9 -> 0 | S7: ='17.07.2026'!C9 -> 1 | T7: ='18.07.2026'!C9 -> 0 | V7: ='20.07.2026'!C9 -> 0 | W7: ='21.07.2026'!C9 -> 0 | X7: ='22.07.2026'!C9 -> 1 | Y7: ='23.07.2026'!C9 -> 0 | Z7: ='24.07.2026'!C9 -> 0 | AA7: ='25.07.2026'!C9 -> 0 | AC7: ='27.07.2026'!C9 -> 0 | AD7: ='28.07.2026'!C9 -> 1 | AE7: ='29.07.2026'!C9 -> 0 | AF7: ='30.07.2026'!C9 -> 0 | AG7: ='31.07.2026'!C9 -> 0 | AI7: =SUM(C7:AF7) -> 12
A8: 6 | B8: Kontrollime me kërkesë të konsumatorit | C8: ='01.07.2026'!C10 -> 0 | D8: ='02.07.2026'!C10 -> 0 | E8: ='03.07.2026'!C10 -> 0 | F8: ='04.07.2026'!C10 -> 0 | H8: ='06.07.2026'!C10 -> 0 | I8: ='07.07.2026'!C10 -> 0 | J8: ='08.07.2026'!C10 -> 0 | K8: ='09.07.2026'!C10 -> 0 | L8: ='10.07.2026'!C10 -> 0 | M8: ='11.07.2026'!C10 -> 0 | O8: ='13.07.2026'!C10 -> 0 | P8: ='14.07.2026'!C10 -> 0 | Q8: ='15.07.2026'!C10 -> 0 | R8: ='16.07.2026'!C10 -> 0 | S8: ='17.07.2026'!C10 -> 0 | T8: ='18.07.2026'!C10 -> 0 | V8: ='20.07.2026'!C10 -> 0 | W8: ='21.07.2026'!C10 -> 0 | X8: ='22.07.2026'!C10 -> 0 | Y8: ='23.07.2026'!C10 -> 0 | Z8: ='24.07.2026'!C10 -> 0 | AA8: ='25.07.2026'!C10 -> 0 | AC8: ='27.07.2026'!C10 -> 0 | AD8: ='28.07.2026'!C10 -> 0 | AE8: ='29.07.2026'!C10 -> 0 | AF8: ='30.07.2026'!C10 -> 0 | AG8: ='31.07.2026'!C10 -> 0 | AI8: =SUM(C8:AF8) -> 0
A9: 7 | B9: Rregullimi i lidhjes | C9: ='01.07.2026'!C11 -> 0 | D9: ='02.07.2026'!C11 -> 0 | E9: ='03.07.2026'!C11 -> 0 | F9: ='04.07.2026'!C11 -> 0 | H9: ='06.07.2026'!C11 -> 0 | I9: ='07.07.2026'!C11 -> 0 | J9: ='08.07.2026'!C11 -> 0 | K9: ='09.07.2026'!C11 -> 0 | L9: ='10.07.2026'!C11 -> 0 | M9: ='11.07.2026'!C11 -> 0 | O9: ='13.07.2026'!C11 -> 0 | P9: ='14.07.2026'!C11 -> 0 | Q9: ='15.07.2026'!C11 -> 0 | R9: ='16.07.2026'!C11 -> 2 | S9: ='17.07.2026'!C11 -> 0 | T9: ='18.07.2026'!C11 -> 0 | V9: ='20.07.2026'!C11 -> 0 | W9: ='21.07.2026'!C11 -> 0 | X9: ='22.07.2026'!C11 -> 0 | Y9: ='23.07.2026'!C11 -> 0 | Z9: ='24.07.2026'!C11 -> 0 | AA9: ='25.07.2026'!C11 -> 0 | AC9: ='27.07.2026'!C11 -> 0 | AD9: ='28.07.2026'!C11 -> 0 | AE9: ='29.07.2026'!C11 -> 0 | AF9: ='30.07.2026'!C11 -> 0 | AG9: ='31.07.2026'!C11 -> 0 | AI9: =SUM(C9:AF9) -> 2
A10: 8 | B10: Rregullim i komunikimit | C10: ='01.07.2026'!C12 -> 7 | D10: ='02.07.2026'!C12 -> 3 | E10: ='03.07.2026'!C12 -> 0 | F10: ='04.07.2026'!C12 -> 0 | H10: ='06.07.2026'!C12 -> 0 | I10: ='07.07.2026'!C12 -> 0 | J10: ='08.07.2026'!C12 -> 0 | K10: ='09.07.2026'!C12 -> 0 | L10: ='10.07.2026'!C12 -> 0 | M10: ='11.07.2026'!C12 -> 0 | O10: ='13.07.2026'!C12 -> 0 | P10: ='14.07.2026'!C12 -> 0 | Q10: ='15.07.2026'!C12 -> 0 | R10: ='16.07.2026'!C12 -> 0 | S10: ='17.07.2026'!C12 -> 0 | T10: ='18.07.2026'!C12 -> 0 | V10: ='20.07.2026'!C12 -> 0 | W10: ='21.07.2026'!C12 -> 0 | X10: ='22.07.2026'!C12 -> 0 | Y10: ='23.07.2026'!C12 -> 0 | Z10: ='24.07.2026'!C12 -> 0 | AA10: ='25.07.2026'!C12 -> 0 | AC10: ='27.07.2026'!C12 -> 0 | AD10: ='28.07.2026'!C12 -> 0 | AE10: ='29.07.2026'!C12 -> 0 | AF10: ='30.07.2026'!C12 -> 0 | AG10: ='31.07.2026'!C12 -> 0 | AI10: =SUM(C10:AF10) -> 10
A11: 9 | B11: Lexim | C11: ='01.07.2026'!C13 -> 33 | D11: ='02.07.2026'!C13 -> 3 | E11: ='03.07.2026'!C13 -> 0 | F11: ='04.07.2026'!C13 -> 0 | H11: ='06.07.2026'!C13 -> 1 | I11: ='07.07.2026'!C13 -> 0 | J11: ='08.07.2026'!C13 -> 0 | K11: ='09.07.2026'!C13 -> 0 | L11: ='10.07.2026'!C13 -> 0 | M11: ='11.07.2026'!C13 -> 0 | O11: ='13.07.2026'!C13 -> 0 | P11: ='14.07.2026'!C13 -> 0 | Q11: ='15.07.2026'!C13 -> 0 | R11: ='16.07.2026'!C13 -> 0 | S11: ='17.07.2026'!C13 -> 0 | T11: ='18.07.2026'!C13 -> 0 | V11: ='20.07.2026'!C13 -> 0 | W11: ='21.07.2026'!C13 -> 0 | X11: ='22.07.2026'!C13 -> 0 | Y11: ='23.07.2026'!C13 -> 0 | Z11: ='24.07.2026'!C13 -> 0 | AA11: ='25.07.2026'!C13 -> 0 | AC11: ='27.07.2026'!C13 -> 0 | AD11: ='28.07.2026'!C13 -> 0 | AE11: ='29.07.2026'!C13 -> 0 | AF11: ='30.07.2026'!C13 -> 0 | AG11: ='31.07.2026'!C13 -> 15 | AI11: =SUM(C11:AF11) -> 37
B13: TRAFOREGJIONE
A14: 1 | B14: Kontrollimi i GM | C14: ='01.07.2026'!C16 -> 0 | D14: ='02.07.2026'!C16 -> 0 | E14: ='03.07.2026'!C16 -> 11 | F14: ='04.07.2026'!C16 -> 18 | H14: ='06.07.2026'!C16 -> 16 | I14: ='07.07.2026'!C16 -> 16 | J14: ='08.07.2026'!C16 -> 14 | K14: ='09.07.2026'!C16 -> 16 | L14: ='10.07.2026'!C16 -> 16 | M14: ='11.07.2026'!C16 -> 0 | O14: ='13.07.2026'!C16 -> 12 | P14: ='14.07.2026'!C16 -> 14 | Q14: ='15.07.2026'!C16 -> 0 | R14: ='16.07.2026'!C16 -> 0 | S14: ='17.07.2026'!C16 -> 2 | T14: ='18.07.2026'!C16 -> 0 | V14: ='20.07.2026'!C16 -> 0 | W14: ='21.07.2026'!C16 -> 0 | X14: ='22.07.2026'!C16 -> 0 | Y14: ='23.07.2026'!C16 -> 2 | Z14: ='24.07.2026'!C16 -> 2 | AA14: ='25.07.2026'!C16 -> 0 | AC14: ='27.07.2026'!C16 -> 1 | AD14: ='28.07.2026'!C16 -> 9 | AE14: ='29.07.2026'!C16 -> 13 | AF14: ='30.07.2026'!C16 -> 16 | AG14: ='31.07.2026'!C16 -> 7 | AI14: =SUM(C14:AF14) -> 178
A15: 2 | B15: Nderrimi i TMRR-ve | C15: ='01.07.2026'!C17 -> 0 | D15: ='02.07.2026'!C17 -> 0 | E15: ='03.07.2026'!C17 -> 0 | F15: ='04.07.2026'!C17 -> 0 | H15: ='06.07.2026'!C17 -> 0 | I15: ='07.07.2026'!C17 -> 0 | J15: ='08.07.2026'!C17 -> 1 | K15: ='09.07.2026'!C17 -> 0 | L15: ='10.07.2026'!C17 -> 0 | M15: ='11.07.2026'!C17 -> 0 | O15: ='13.07.2026'!C17 -> 0 | P15: ='14.07.2026'!C17 -> 0 | Q15: ='15.07.2026'!C17 -> 0 | R15: ='16.07.2026'!C17 -> 0 | S15: ='17.07.2026'!C17 -> 0 | T15: ='18.07.2026'!C17 -> 0 | V15: ='20.07.2026'!C17 -> 0 | W15: ='21.07.2026'!C17 -> 0 | X15: ='22.07.2026'!C17 -> 0 | Y15: ='23.07.2026'!C17 -> 0 | Z15: ='24.07.2026'!C17 -> 0 | AA15: ='25.07.2026'!C17 -> 0 | AC15: ='27.07.2026'!C17 -> 0 | AD15: ='28.07.2026'!C17 -> 0 | AE15: ='29.07.2026'!C17 -> 0 | AF15: ='30.07.2026'!C17 -> 0 | AG15: ='31.07.2026'!C17 -> 0 | AI15: =SUM(C15:AF15) -> 1
A16: 3 | B16: Ndrrimet i njehsorit | C16: ='01.07.2026'!C18 -> 0 | D16: ='02.07.2026'!C18 -> 0 | E16: ='03.07.2026'!C18 -> 0 | F16: ='04.07.2026'!C18 -> 0 | H16: ='06.07.2026'!C18 -> 0 | I16: ='07.07.2026'!C18 -> 0 | J16: ='08.07.2026'!C18 -> 0 | K16: ='09.07.2026'!C18 -> 0 | L16: ='10.07.2026'!C18 -> 0 | M16: ='11.07.2026'!C18 -> 0 | O16: ='13.07.2026'!C18 -> 0 | P16: ='14.07.2026'!C18 -> 0 | Q16: ='15.07.2026'!C18 -> 0 | R16: ='16.07.2026'!C18 -> 0 | S16: ='17.07.2026'!C18 -> 1 | T16: ='18.07.2026'!C18 -> 0 | V16: ='20.07.2026'!C18 -> 0 | W16: ='21.07.2026'!C18 -> 0 | X16: ='22.07.2026'!C18 -> 0 | Y16: ='23.07.2026'!C18 -> 0 | Z16: ='24.07.2026'!C18 -> 0 | AA16: ='25.07.2026'!C18 -> 0 | AC16: ='27.07.2026'!C18 -> 1 | AD16: ='28.07.2026'!C18 -> 0 | AE16: ='29.07.2026'!C18 -> 0 | AF16: ='30.07.2026'!C18 -> 0 | AG16: ='31.07.2026'!C18 -> 0 | AI16: =SUM(C16:AF16) -> 2
A17: 4 | B17: Montimet e GM | C17: ='01.07.2026'!C19 -> 0 | D17: ='02.07.2026'!C19 -> 0 | E17: ='03.07.2026'!C19 -> 0 | F17: ='04.07.2026'!C19 -> 1 | H17: ='06.07.2026'!C19 -> 0 | I17: ='07.07.2026'!C19 -> 0 | J17: ='08.07.2026'!C19 -> 1 | K17: ='09.07.2026'!C19 -> 0 | L17: ='10.07.2026'!C19 -> 0 | M17: ='11.07.2026'!C19 -> 0 | O17: ='13.07.2026'!C19 -> 0 | P17: ='14.07.2026'!C19 -> 0 | Q17: ='15.07.2026'!C19 -> 1 | R17: ='16.07.2026'!C19 -> 1 | S17: ='17.07.2026'!C19 -> 1 | T17: ='18.07.2026'!C19 -> 0 | V17: ='20.07.2026'!C19 -> 0 | W17: ='21.07.2026'!C19 -> 0 | X17: ='22.07.2026'!C19 -> 1 | Y17: ='23.07.2026'!C19 -> 0 | Z17: ='24.07.2026'!C19 -> 1 | AA17: ='25.07.2026'!C19 -> 0 | AC17: ='27.07.2026'!C19 -> 0 | AD17: ='28.07.2026'!C19 -> 1 | AE17: ='29.07.2026'!C19 -> 0 | AF17: ='30.07.2026'!C19 -> 1 | AG17: ='31.07.2026'!C19 -> 0 | AI17: =SUM(C17:AF17) -> 9
A18: 5 | B18: Rregullimi i lidhjes | C18: ='01.07.2026'!C20 -> 0 | D18: ='02.07.2026'!C20 -> 0 | E18: ='03.07.2026'!C20 -> 0 | F18: ='04.07.2026'!C20 -> 0 | H18: ='06.07.2026'!C20 -> 0 | I18: ='07.07.2026'!C20 -> 0 | J18: ='08.07.2026'!C20 -> 0 | K18: ='09.07.2026'!C20 -> 0 | L18: ='10.07.2026'!C20 -> 0 | M18: ='11.07.2026'!C20 -> 0 | O18: ='13.07.2026'!C20 -> 0 | P18: ='14.07.2026'!C20 -> 0 | Q18: ='15.07.2026'!C20 -> 0 | R18: ='16.07.2026'!C20 -> 0 | S18: ='17.07.2026'!C20 -> 1 | T18: ='18.07.2026'!C20 -> 0 | V18: ='20.07.2026'!C20 -> 0 | W18: ='21.07.2026'!C20 -> 0 | X18: ='22.07.2026'!C20 -> 0 | Y18: ='23.07.2026'!C20 -> 0 | Z18: ='24.07.2026'!C20 -> 0 | AA18: ='25.07.2026'!C20 -> 0 | AC18: ='27.07.2026'!C20 -> 0 | AD18: ='28.07.2026'!C20 -> 1 | AE18: ='29.07.2026'!C20 -> 0 | AF18: ='30.07.2026'!C20 -> 0 | AG18: ='31.07.2026'!C20 -> 0 | AI18: =SUM(C18:AF18) -> 2
A19: 6 | B19: Rregullim i fazimit, antenës, etj | C19: ='01.07.2026'!C21 -> 0 | D19: ='02.07.2026'!C21 -> 0 | E19: ='03.07.2026'!C21 -> 0 | F19: ='04.07.2026'!C21 -> 0 | H19: ='06.07.2026'!C21 -> 0 | I19: ='07.07.2026'!C21 -> 0 | J19: ='08.07.2026'!C21 -> 0 | K19: ='09.07.2026'!C21 -> 0 | L19: ='10.07.2026'!C21 -> 0 | M19: ='11.07.2026'!C21 -> 0 | O19: ='13.07.2026'!C21 -> 0 | P19: ='14.07.2026'!C21 -> 0 | Q19: ='15.07.2026'!C21 -> 0 | R19: ='16.07.2026'!C21 -> 0 | S19: ='17.07.2026'!C21 -> 0 | T19: ='18.07.2026'!C21 -> 0 | V19: ='20.07.2026'!C21 -> 0 | W19: ='21.07.2026'!C21 -> 0 | X19: ='22.07.2026'!C21 -> 0 | Y19: ='23.07.2026'!C21 -> 0 | Z19: ='24.07.2026'!C21 -> 0 | AA19: ='25.07.2026'!C21 -> 0 | AC19: ='27.07.2026'!C21 -> 0 | AD19: ='28.07.2026'!C21 -> 0 | AE19: ='29.07.2026'!C21 -> 0 | AF19: ='30.07.2026'!C21 -> 0 | AG19: ='31.07.2026'!C21 -> 0 | AI19: =SUM(C19:AF19) -> 0
A20: 7 | B20: Mbesin njehsorë të dëmtuar | C20: ='01.07.2026'!C22 -> 0 | D20: ='02.07.2026'!C22 -> 0 | E20: ='03.07.2026'!C22 -> 0 | F20: ='04.07.2026'!C22 -> 0 | H20: ='06.07.2026'!C22 -> 0 | I20: ='07.07.2026'!C22 -> 0 | J20: ='08.07.2026'!C22 -> 0 | K20: ='09.07.2026'!C22 -> 0 | L20: ='10.07.2026'!C22 -> 0 | M20: ='11.07.2026'!C22 -> 0 | O20: ='13.07.2026'!C22 -> 0 | P20: ='14.07.2026'!C22 -> 0 | Q20: ='15.07.2026'!C22 -> 0 | R20: ='16.07.2026'!C22 -> 0 | S20: ='17.07.2026'!C22 -> 0 | T20: ='18.07.2026'!C22 -> 0 | V20: ='20.07.2026'!C22 -> 0 | W20: ='21.07.2026'!C22 -> 0 | X20: ='22.07.2026'!C22 -> 0 | Y20: ='23.07.2026'!C22 -> 0 | Z20: ='24.07.2026'!C22 -> 0 | AA20: ='25.07.2026'!C22 -> 0 | AC20: ='27.07.2026'!C22 -> 0 | AD20: ='28.07.2026'!C22 -> 0 | AE20: ='29.07.2026'!C22 -> 0 | AF20: ='30.07.2026'!C22 -> 0 | AG20: ='31.07.2026'!C22 -> 0 | AI20: =SUM(C20:AF20) -> 0
A21: 8 | B21: Kontrollim sipas humbjeve | C21: ='01.07.2026'!C23 -> 0 | D21: ='02.07.2026'!C23 -> 0 | E21: ='03.07.2026'!C23 -> 0 | F21: ='04.07.2026'!C23 -> 0 | H21: ='06.07.2026'!C23 -> 0 | I21: ='07.07.2026'!C23 -> 0 | J21: ='08.07.2026'!C23 -> 0 | K21: ='09.07.2026'!C23 -> 0 | L21: ='10.07.2026'!C23 -> 0 | M21: ='11.07.2026'!C23 -> 0 | O21: ='13.07.2026'!C23 -> 0 | P21: ='14.07.2026'!C23 -> 0 | Q21: ='15.07.2026'!C23 -> 0 | R21: ='16.07.2026'!C23 -> 0 | S21: ='17.07.2026'!C23 -> 0 | T21: ='18.07.2026'!C23 -> 0 | V21: ='20.07.2026'!C23 -> 0 | W21: ='21.07.2026'!C23 -> 0 | X21: ='22.07.2026'!C23 -> 0 | Y21: ='23.07.2026'!C23 -> 0 | Z21: ='24.07.2026'!C23 -> 0 | AA21: ='25.07.2026'!C23 -> 0 | AC21: ='27.07.2026'!C23 -> 0 | AD21: ='28.07.2026'!C23 -> 0 | AE21: ='29.07.2026'!C23 -> 0 | AF21: ='30.07.2026'!C23 -> 0 | AG21: ='31.07.2026'!C23 -> 0 | AI21: =SUM(C21:AF21) -> 0
A22: 9 | B22: Rregullim pas vendosjes së ormanit të ri | C22: ='01.07.2026'!C24 -> 0 | D22: ='02.07.2026'!C24 -> 0 | E22: ='03.07.2026'!C24 -> 0 | F22: ='04.07.2026'!C24 -> 0 | H22: ='06.07.2026'!C24 -> 0 | I22: ='07.07.2026'!C24 -> 0 | J22: ='08.07.2026'!C24 -> 0 | K22: ='09.07.2026'!C24 -> 0 | L22: ='10.07.2026'!C24 -> 0 | M22: ='11.07.2026'!C24 -> 0 | O22: ='13.07.2026'!C24 -> 0 | P22: ='14.07.2026'!C24 -> 0 | Q22: ='15.07.2026'!C24 -> 0 | R22: ='16.07.2026'!C24 -> 0 | S22: ='17.07.2026'!C24 -> 0 | T22: ='18.07.2026'!C24 -> 0 | V22: ='20.07.2026'!C24 -> 0 | W22: ='21.07.2026'!C24 -> 0 | X22: ='22.07.2026'!C24 -> 0 | Y22: ='23.07.2026'!C24 -> 0 | Z22: ='24.07.2026'!C24 -> 0 | AA22: ='25.07.2026'!C24 -> 0 | AC22: ='27.07.2026'!C24 -> 0 | AD22: ='28.07.2026'!C24 -> 0 | AE22: ='29.07.2026'!C24 -> 0 | AF22: ='30.07.2026'!C24 -> 0 | AG22: ='31.07.2026'!C24 -> 0 | AI22: =SUM(C22:AF22) -> 0
A23: 10 | B23: Ndërrimet e TMRR pas ndërrimit të TR | C23: ='01.07.2026'!C25 -> 0 | D23: ='02.07.2026'!C25 -> 0 | E23: ='03.07.2026'!C25 -> 0 | F23: ='04.07.2026'!C25 -> 0 | H23: ='06.07.2026'!C25 -> 0 | I23: ='07.07.2026'!C25 -> 0 | J23: ='08.07.2026'!C25 -> 0 | K23: ='09.07.2026'!C25 -> 0 | L23: ='10.07.2026'!C25 -> 0 | M23: ='11.07.2026'!C25 -> 0 | O23: ='13.07.2026'!C25 -> 0 | P23: ='14.07.2026'!C25 -> 0 | Q23: ='15.07.2026'!C25 -> 0 | R23: ='16.07.2026'!C25 -> 0 | S23: ='17.07.2026'!C25 -> 0 | T23: ='18.07.2026'!C25 -> 0 | V23: ='20.07.2026'!C25 -> 0 | W23: ='21.07.2026'!C25 -> 0 | X23: ='22.07.2026'!C25 -> 0 | Y23: ='23.07.2026'!C25 -> 0 | Z23: ='24.07.2026'!C25 -> 0 | AA23: ='25.07.2026'!C25 -> 0 | AC23: ='27.07.2026'!C25 -> 0 | AD23: ='28.07.2026'!C25 -> 0 | AE23: ='29.07.2026'!C25 -> 0 | AF23: ='30.07.2026'!C25 -> 0 | AG23: ='31.07.2026'!C25 -> 0 | AI23: =SUM(C23:AF23) -> 0
A24: 11 | B24: Koncentrator | C24: ='01.07.2026'!C26 -> 0 | D24: ='02.07.2026'!C26 -> 1 | E24: ='03.07.2026'!C26 -> 0 | F24: ='04.07.2026'!C26 -> 1 | H24: ='06.07.2026'!C26 -> 0 | I24: ='07.07.2026'!C26 -> 0 | J24: ='08.07.2026'!C26 -> 2 | K24: ='09.07.2026'!C26 -> 0 | L24: ='10.07.2026'!C26 -> 0 | M24: ='11.07.2026'!C26 -> 0 | O24: ='13.07.2026'!C26 -> 0 | P24: ='14.07.2026'!C26 -> 0 | Q24: ='15.07.2026'!C26 -> 0 | R24: ='16.07.2026'!C26 -> 0 | S24: ='17.07.2026'!C26 -> 0 | T24: ='18.07.2026'!C26 -> 0 | V24: ='20.07.2026'!C26 -> 4 | W24: ='21.07.2026'!C26 -> 4 | X24: ='22.07.2026'!C26 -> 0 | Y24: ='23.07.2026'!C26 -> 2 | Z24: ='24.07.2026'!C26 -> 3 | AA24: ='25.07.2026'!C26 -> 0 | AC24: ='27.07.2026'!C26 -> 8 | AD24: ='28.07.2026'!C26 -> 2 | AE24: ='29.07.2026'!C26 -> 1 | AF24: ='30.07.2026'!C26 -> 0 | AG24: ='31.07.2026'!C26 -> 1 | AI24: =SUM(C24:AF24) -> 28
B26: DIREKT
A27: 1 | B27: Lidhje të reja | C27: ='01.07.2026'!C29 -> 0 | D27: ='02.07.2026'!C29 -> 0 | E27: ='03.07.2026'!C29 -> 0 | F27: ='04.07.2026'!C29 -> 0 | H27: ='06.07.2026'!C29 -> 0 | I27: ='07.07.2026'!C29 -> 0 | J27: ='08.07.2026'!C29 -> 0 | K27: ='09.07.2026'!C29 -> 0 | L27: ='10.07.2026'!C29 -> 0 | M27: ='11.07.2026'!C29 -> 0 | O27: ='13.07.2026'!C29 -> 0 | P27: ='14.07.2026'!C29 -> 1 | Q27: ='15.07.2026'!C29 -> 0 | R27: ='16.07.2026'!C29 -> 0 | S27: ='17.07.2026'!C29 -> 0 | T27: ='18.07.2026'!C29 -> 0 | V27: ='20.07.2026'!C29 -> 0 | W27: ='21.07.2026'!C29 -> 0 | X27: ='22.07.2026'!C29 -> 0 | Y27: ='23.07.2026'!C29 -> 0 | Z27: ='24.07.2026'!C29 -> 0 | AA27: ='25.07.2026'!C29 -> 0 | AC27: ='27.07.2026'!C29 -> 0 | AD27: ='28.07.2026'!C29 -> 0 | AE27: ='29.07.2026'!C29 -> 0 | AF27: ='30.07.2026'!C29 -> 0 | AG27: ='31.07.2026'!C29 -> 0 | AI27: =SUM(C27:AF27) -> 1
A28: 2 | B28: Ndërrime | C28: ='01.07.2026'!C30 -> 0 | D28: ='02.07.2026'!C30 -> 1 | E28: ='03.07.2026'!C30 -> 0 | F28: ='04.07.2026'!C30 -> 2 | H28: ='06.07.2026'!C30 -> 0 | I28: ='07.07.2026'!C30 -> 0 | J28: ='08.07.2026'!C30 -> 0 | K28: ='09.07.2026'!C30 -> 0 | L28: ='10.07.2026'!C30 -> 0 | M28: ='11.07.2026'!C30 -> 0 | O28: ='13.07.2026'!C30 -> 0 | P28: ='14.07.2026'!C30 -> 1 | Q28: ='15.07.2026'!C30 -> 4 | R28: ='16.07.2026'!C30 -> 0 | S28: ='17.07.2026'!C30 -> 0 | T28: ='18.07.2026'!C30 -> 0 | V28: ='20.07.2026'!C30 -> 0 | W28: ='21.07.2026'!C30 -> 2 | X28: ='22.07.2026'!C30 -> 4 | Y28: ='23.07.2026'!C30 -> 1 | Z28: ='24.07.2026'!C30 -> 0 | AA28: ='25.07.2026'!C30 -> 0 | AC28: ='27.07.2026'!C30 -> 0 | AD28: ='28.07.2026'!C30 -> 0 | AE28: ='29.07.2026'!C30 -> 0 | AF28: ='30.07.2026'!C30 -> 1 | AG28: ='31.07.2026'!C30 -> 0 | AI28: =SUM(C28:AF28) -> 16
A29: 3 | B29: PLC | C29: ='01.07.2026'!C31 -> 0 | D29: ='02.07.2026'!C31 -> 0 | E29: ='03.07.2026'!C31 -> 0 | F29: ='04.07.2026'!C31 -> 0 | H29: ='06.07.2026'!C31 -> 1 | I29: ='07.07.2026'!C31 -> 0 | J29: ='08.07.2026'!C31 -> 0 | K29: ='09.07.2026'!C31 -> 0 | L29: ='10.07.2026'!C31 -> 0 | M29: ='11.07.2026'!C31 -> 0 | O29: ='13.07.2026'!C31 -> 4 | P29: ='14.07.2026'!C31 -> 0 | Q29: ='15.07.2026'!C31 -> 0 | R29: ='16.07.2026'!C31 -> 3 | S29: ='17.07.2026'!C31 -> 4 | T29: ='18.07.2026'!C31 -> 0 | V29: ='20.07.2026'!C31 -> 0 | W29: ='21.07.2026'!C31 -> 0 | X29: ='22.07.2026'!C31 -> 0 | Y29: ='23.07.2026'!C31 -> 0 | Z29: ='24.07.2026'!C31 -> 0 | AA29: ='25.07.2026'!C31 -> 0 | AC29: ='27.07.2026'!C31 -> 0 | AD29: ='28.07.2026'!C31 -> 0 | AE29: ='29.07.2026'!C31 -> 2 | AF29: ='30.07.2026'!C31 -> 0 | AG29: ='31.07.2026'!C31 -> 0 | AI29: =SUM(C29:AF29) -> 14
A30: 4 | B30: Kontrollim me ZERA | C30: ='01.07.2026'!C32 -> 0 | D30: ='02.07.2026'!C32 -> 0 | E30: ='03.07.2026'!C32 -> 0 | F30: ='04.07.2026'!C32 -> 0 | H30: ='06.07.2026'!C32 -> 0 | I30: ='07.07.2026'!C32 -> 0 | J30: ='08.07.2026'!C32 -> 0 | K30: ='09.07.2026'!C32 -> 0 | L30: ='10.07.2026'!C32 -> 0 | M30: ='11.07.2026'!C32 -> 0 | O30: ='13.07.2026'!C32 -> 0 | P30: ='14.07.2026'!C32 -> 0 | Q30: ='15.07.2026'!C32 -> 0 | R30: ='16.07.2026'!C32 -> 0 | S30: ='17.07.2026'!C32 -> 0 | T30: ='18.07.2026'!C32 -> 0 | V30: ='20.07.2026'!C32 -> 0 | W30: ='21.07.2026'!C32 -> 0 | X30: ='22.07.2026'!C32 -> 0 | Y30: ='23.07.2026'!C32 -> 0 | Z30: ='24.07.2026'!C32 -> 0 | AA30: ='25.07.2026'!C32 -> 0 | AC30: ='27.07.2026'!C32 -> 0 | AD30: ='28.07.2026'!C32 -> 0 | AE30: ='29.07.2026'!C32 -> 0 | AF30: ='30.07.2026'!C32 -> 0 | AG30: ='31.07.2026'!C32 -> 0 | AI30: =SUM(C30:AF30) -> 0
A31: 5 | B31: Rregullim komunikimit dhe tjera | C31: ='01.07.2026'!C33 -> 12 | D31: ='02.07.2026'!C33 -> 15 | E31: ='03.07.2026'!C33 -> 0 | F31: ='04.07.2026'!C33 -> 0 | H31: ='06.07.2026'!C33 -> 0 | I31: ='07.07.2026'!C33 -> 0 | J31: ='08.07.2026'!C33 -> 1 | K31: ='09.07.2026'!C33 -> 0 | L31: ='10.07.2026'!C33 -> 0 | M31: ='11.07.2026'!C33 -> 0 | O31: ='13.07.2026'!C33 -> 0 | P31: ='14.07.2026'!C33 -> 0 | Q31: ='15.07.2026'!C33 -> 0 | R31: ='16.07.2026'!C33 -> 0 | S31: ='17.07.2026'!C33 -> 0 | T31: ='18.07.2026'!C33 -> 0 | V31: ='20.07.2026'!C33 -> 0 | W31: ='21.07.2026'!C33 -> 0 | X31: ='22.07.2026'!C33 -> 0 | Y31: ='23.07.2026'!C33 -> 9 | Z31: ='24.07.2026'!C33 -> 15 | AA31: ='25.07.2026'!C33 -> 0 | AC31: ='27.07.2026'!C33 -> 0 | AD31: ='28.07.2026'!C33 -> 4 | AE31: ='29.07.2026'!C33 -> 0 | AF31: ='30.07.2026'!C33 -> 3 | AG31: ='31.07.2026'!C33 -> 0 | AI31: =SUM(C31:AF31) -> 59

Sheet DMI
A1: DMI - RAPORT MUJOR - QERSHOR 2026
A2: NR | B2: KOMERCIAL | C2: 1 | D2: 2 | E2: 3 | F2: 4 | G2: 5 | H2: 6 | I2: 7 | J2: 8 | K2: 9 | L2: 10 | M2: 11 | N2: 12 | O2: 13 | P2: 14 | Q2: 15 | R2: 16 | S2: 17 | T2: 18 | U2: 19 | V2: 20 | W2: 21 | X2: 22 | Y2: 23 | Z2: 24 | AA2: 25 | AB2: 26 | AC2: 27 | AD2: 28 | AE2: 29 | AF2: 30 | AG2: 31 | AI2: Totali
A3: 1 | B3: Kontrollimi periodik i GM | C3: ='01.07.2026'!D5 -> 0 | D3: ='02.07.2026'!D5 -> 5 | E3: ='03.07.2026'!D5 -> 3 | F3: ='04.07.2026'!D5 -> 4 | H3: ='06.07.2026'!D5 -> 6 | I3: ='07.07.2026'!D5 -> 4 | J3: ='08.07.2026'!D5 -> 6 | K3: ='09.07.2026'!D5 -> 0 | L3: ='10.07.2026'!D5 -> 0 | M3: ='11.07.2026'!D5 -> 0 | O3: ='13.07.2026'!D5 -> 2 | P3: ='14.07.2026'!D5 -> 0 | Q3: ='15.07.2026'!D5 -> 2 | R3: ='16.07.2026'!D5 -> 4 | S3: ='17.07.2026'!D5 -> 2 | T3: ='18.07.2026'!D5 -> 0 | V3: ='20.07.2026'!D5 -> 6 | W3: ='21.07.2026'!D5 -> 1 | X3: ='22.07.2026'!D5 -> 4 | Y3: ='23.07.2026'!D5 -> 3 | Z3: ='24.07.2026'!D5 -> 5 | AA3: ='25.07.2026'!D5 -> 0 | AC3: ='27.07.2026'!D5 -> 0 | AD3: ='28.07.2026'!D5 -> 2 | AE3: ='29.07.2026'!D5 -> 0 | AF3: ='30.07.2026'!D5 -> 0 | AG3: ='31.07.2026'!D5 -> 6 | AI3: =SUM(C3:AF3) -> 59
A4: 2 | B4: Kontrollimi sipas DV i GM | C4: ='01.07.2026'!D6 -> 0 | D4: ='02.07.2026'!D6 -> 0 | E4: ='03.07.2026'!D6 -> 0 | F4: ='04.07.2026'!D6 -> 0 | H4: ='06.07.2026'!D6 -> 0 | I4: ='07.07.2026'!D6 -> 0 | J4: ='08.07.2026'!D6 -> 0 | K4: ='09.07.2026'!D6 -> 0 | L4: ='10.07.2026'!D6 -> 0 | M4: ='11.07.2026'!D6 -> 0 | O4: ='13.07.2026'!D6 -> 0 | P4: ='14.07.2026'!D6 -> 0 | Q4: ='15.07.2026'!D6 -> 0 | R4: ='16.07.2026'!D6 -> 0 | S4: ='17.07.2026'!D6 -> 0 | T4: ='18.07.2026'!D6 -> 0 | V4: ='20.07.2026'!D6 -> 0 | W4: ='21.07.2026'!D6 -> 0 | X4: ='22.07.2026'!D6 -> 0 | Y4: ='23.07.2026'!D6 -> 0 | Z4: ='24.07.2026'!D6 -> 0 | AA4: ='25.07.2026'!D6 -> 0 | AC4: ='27.07.2026'!D6 -> 0 | AD4: ='28.07.2026'!D6 -> 0 | AE4: ='29.07.2026'!D6 -> 0 | AF4: ='30.07.2026'!D6 -> 0 | AG4: ='31.07.2026'!D6 -> 0 | AI4: =SUM(C4:AF4) -> 0
A5: 3 | B5: Ndërrimi i TMRR-ve | C5: ='01.07.2026'!D7 -> 0 | D5: ='02.07.2026'!D7 -> 0 | E5: ='03.07.2026'!D7 -> 0 | F5: ='04.07.2026'!D7 -> 0 | H5: ='06.07.2026'!D7 -> 0 | I5: ='07.07.2026'!D7 -> 0 | J5: ='08.07.2026'!D7 -> 0 | K5: ='09.07.2026'!D7 -> 0 | L5: ='10.07.2026'!D7 -> 0 | M5: ='11.07.2026'!D7 -> 0 | O5: ='13.07.2026'!D7 -> 0 | P5: ='14.07.2026'!D7 -> 0 | Q5: ='15.07.2026'!D7 -> 0 | R5: ='16.07.2026'!D7 -> 0 | S5: ='17.07.2026'!D7 -> 0 | T5: ='18.07.2026'!D7 -> 0 | V5: ='20.07.2026'!D7 -> 0 | W5: ='21.07.2026'!D7 -> 0 | X5: ='22.07.2026'!D7 -> 0 | Y5: ='23.07.2026'!D7 -> 0 | Z5: ='24.07.2026'!D7 -> 0 | AA5: ='25.07.2026'!D7 -> 0 | AC5: ='27.07.2026'!D7 -> 0 | AD5: ='28.07.2026'!D7 -> 0 | AE5: ='29.07.2026'!D7 -> 0 | AF5: ='30.07.2026'!D7 -> 0 | AG5: ='31.07.2026'!D7 -> 0 | AI5: =SUM(C5:AF5) -> 0
A6: 4 | B6: Ndërrimi i njehsorit | C6: ='01.07.2026'!D8 -> 0 | D6: ='02.07.2026'!D8 -> 0 | E6: ='03.07.2026'!D8 -> 0 | F6: ='04.07.2026'!D8 -> 0 | H6: ='06.07.2026'!D8 -> 0 | I6: ='07.07.2026'!D8 -> 0 | J6: ='08.07.2026'!D8 -> 0 | K6: ='09.07.2026'!D8 -> 0 | L6: ='10.07.2026'!D8 -> 0 | M6: ='11.07.2026'!D8 -> 0 | O6: ='13.07.2026'!D8 -> 0 | P6: ='14.07.2026'!D8 -> 0 | Q6: ='15.07.2026'!D8 -> 0 | R6: ='16.07.2026'!D8 -> 0 | S6: ='17.07.2026'!D8 -> 0 | T6: ='18.07.2026'!D8 -> 0 | V6: ='20.07.2026'!D8 -> 0 | W6: ='21.07.2026'!D8 -> 0 | X6: ='22.07.2026'!D8 -> 0 | Y6: ='23.07.2026'!D8 -> 0 | Z6: ='24.07.2026'!D8 -> 0 | AA6: ='25.07.2026'!D8 -> 0 | AC6: ='27.07.2026'!D8 -> 0 | AD6: ='28.07.2026'!D8 -> 0 | AE6: ='29.07.2026'!D8 -> 0 | AF6: ='30.07.2026'!D8 -> 0 | AG6: ='31.07.2026'!D8 -> 0 | AI6: =SUM(C6:AF6) -> 0
A7: 5 | B7: Montimet e GM me PEE | C7: ='01.07.2026'!D9 -> 0 | D7: ='02.07.2026'!D9 -> 0 | E7: ='03.07.2026'!D9 -> 0 | F7: ='04.07.2026'!D9 -> 0 | H7: ='06.07.2026'!D9 -> 0 | I7: ='07.07.2026'!D9 -> 0 | J7: ='08.07.2026'!D9 -> 0 | K7: ='09.07.2026'!D9 -> 0 | L7: ='10.07.2026'!D9 -> 0 | M7: ='11.07.2026'!D9 -> 0 | O7: ='13.07.2026'!D9 -> 1 | P7: ='14.07.2026'!D9 -> 0 | Q7: ='15.07.2026'!D9 -> 0 | R7: ='16.07.2026'!D9 -> 0 | S7: ='17.07.2026'!D9 -> 4 | T7: ='18.07.2026'!D9 -> 0 | V7: ='20.07.2026'!D9 -> 0 | W7: ='21.07.2026'!D9 -> 3 | X7: ='22.07.2026'!D9 -> 0 | Y7: ='23.07.2026'!D9 -> 0 | Z7: ='24.07.2026'!D9 -> 0 | AA7: ='25.07.2026'!D9 -> 0 | AC7: ='27.07.2026'!D9 -> 0 | AD7: ='28.07.2026'!D9 -> 0 | AE7: ='29.07.2026'!D9 -> 0 | AF7: ='30.07.2026'!D9 -> 0 | AG7: ='31.07.2026'!D9 -> 0 | AI7: =SUM(C7:AF7) -> 8
A8: 6 | B8: Kontrollime me kërkesë të konsumatorit | C8: ='01.07.2026'!D10 -> 0 | D8: ='02.07.2026'!D10 -> 0 | E8: ='03.07.2026'!D10 -> 0 | F8: ='04.07.2026'!D10 -> 0 | H8: ='06.07.2026'!D10 -> 0 | I8: ='07.07.2026'!D10 -> 0 | J8: ='08.07.2026'!D10 -> 0 | K8: ='09.07.2026'!D10 -> 0 | L8: ='10.07.2026'!D10 -> 0 | M8: ='11.07.2026'!D10 -> 0 | O8: ='13.07.2026'!D10 -> 0 | P8: ='14.07.2026'!D10 -> 0 | Q8: ='15.07.2026'!D10 -> 0 | R8: ='16.07.2026'!D10 -> 0 | S8: ='17.07.2026'!D10 -> 0 | T8: ='18.07.2026'!D10 -> 0 | V8: ='20.07.2026'!D10 -> 0 | W8: ='21.07.2026'!D10 -> 0 | X8: ='22.07.2026'!D10 -> 0 | Y8: ='23.07.2026'!D10 -> 0 | Z8: ='24.07.2026'!D10 -> 0 | AA8: ='25.07.2026'!D10 -> 0 | AC8: ='27.07.2026'!D10 -> 0 | AD8: ='28.07.2026'!D10 -> 0 | AE8: ='29.07.2026'!D10 -> 0 | AF8: ='30.07.2026'!D10 -> 0 | AG8: ='31.07.2026'!D10 -> 0 | AI8: =SUM(C8:AF8) -> 0
A9: 7 | B9: Rregullimi i lidhjes | C9: ='01.07.2026'!D11 -> 0 | D9: ='02.07.2026'!D11 -> 0 | E9: ='03.07.2026'!D11 -> 0 | F9: ='04.07.2026'!D11 -> 0 | H9: ='06.07.2026'!D11 -> 0 | I9: ='07.07.2026'!D11 -> 0 | J9: ='08.07.2026'!D11 -> 0 | K9: ='09.07.2026'!D11 -> 0 | L9: ='10.07.2026'!D11 -> 0 | M9: ='11.07.2026'!D11 -> 0 | O9: ='13.07.2026'!D11 -> 0 | P9: ='14.07.2026'!D11 -> 0 | Q9: ='15.07.2026'!D11 -> 0 | R9: ='16.07.2026'!D11 -> 0 | S9: ='17.07.2026'!D11 -> 0 | T9: ='18.07.2026'!D11 -> 0 | V9: ='20.07.2026'!D11 -> 0 | W9: ='21.07.2026'!D11 -> 0 | X9: ='22.07.2026'!D11 -> 0 | Y9: ='23.07.2026'!D11 -> 0 | Z9: ='24.07.2026'!D11 -> 0 | AA9: ='25.07.2026'!D11 -> 0 | AC9: ='27.07.2026'!D11 -> 0 | AD9: ='28.07.2026'!D11 -> 0 | AE9: ='29.07.2026'!D11 -> 0 | AF9: ='30.07.2026'!D11 -> 0 | AG9: ='31.07.2026'!D11 -> 0 | AI9: =SUM(C9:AF9) -> 0
A10: 8 | B10: Rregullim i komunikimit | C10: ='01.07.2026'!D12 -> 2 | D10: ='02.07.2026'!D12 -> 0 | E10: ='03.07.2026'!D12 -> 0 | F10: ='04.07.2026'!D12 -> 0 | H10: ='06.07.2026'!D12 -> 0 | I10: ='07.07.2026'!D12 -> 0 | J10: ='08.07.2026'!D12 -> 0 | K10: ='09.07.2026'!D12 -> 0 | L10: ='10.07.2026'!D12 -> 0 | M10: ='11.07.2026'!D12 -> 0 | O10: ='13.07.2026'!D12 -> 0 | P10: ='14.07.2026'!D12 -> 0 | Q10: ='15.07.2026'!D12 -> 0 | R10: ='16.07.2026'!D12 -> 0 | S10: ='17.07.2026'!D12 -> 0 | T10: ='18.07.2026'!D12 -> 0 | V10: ='20.07.2026'!D12 -> 0 | W10: ='21.07.2026'!D12 -> 0 | X10: ='22.07.2026'!D12 -> 2 | Y10: ='23.07.2026'!D12 -> 1 | Z10: ='24.07.2026'!D12 -> 0 | AA10: ='25.07.2026'!D12 -> 0 | AC10: ='27.07.2026'!D12 -> 0 | AD10: ='28.07.2026'!D12 -> 0 | AE10: ='29.07.2026'!D12 -> 0 | AF10: ='30.07.2026'!D12 -> 0 | AG10: ='31.07.2026'!D12 -> 0 | AI10: =SUM(C10:AF10) -> 5
A11: 9 | B11: Lexim | C11: ='01.07.2026'!D13 -> 0 | D11: ='02.07.2026'!D13 -> 0 | E11: ='03.07.2026'!D13 -> 0 | F11: ='04.07.2026'!D13 -> 0 | H11: ='06.07.2026'!D13 -> 0 | I11: ='07.07.2026'!D13 -> 0 | J11: ='08.07.2026'!D13 -> 0 | K11: ='09.07.2026'!D13 -> 0 | L11: ='10.07.2026'!D13 -> 0 | M11: ='11.07.2026'!D13 -> 0 | O11: ='13.07.2026'!D13 -> 0 | P11: ='14.07.2026'!D13 -> 0 | Q11: ='15.07.2026'!D13 -> 0 | R11: ='16.07.2026'!D13 -> 0 | S11: ='17.07.2026'!D13 -> 0 | T11: ='18.07.2026'!D13 -> 0 | V11: ='20.07.2026'!D13 -> 0 | W11: ='21.07.2026'!D13 -> 0 | X11: ='22.07.2026'!D13 -> 0 | Y11: ='23.07.2026'!D13 -> 0 | Z11: ='24.07.2026'!D13 -> 0 | AA11: ='25.07.2026'!D13 -> 0 | AC11: ='27.07.2026'!D13 -> 0 | AD11: ='28.07.2026'!D13 -> 0 | AE11: ='29.07.2026'!D13 -> 0 | AF11: ='30.07.2026'!D13 -> 0 | AG11: ='31.07.2026'!D13 -> 0 | AI11: =SUM(C11:AF11) -> 0
B13: TRAFOREGJIONE
A14: 1 | B14: Kontrollimi i GM | C14: ='01.07.2026'!D16 -> 1 | D14: ='02.07.2026'!D16 -> 6 | E14: ='03.07.2026'!D16 -> 8 | F14: ='04.07.2026'!D16 -> 6 | H14: ='06.07.2026'!D16 -> 6 | I14: ='07.07.2026'!D16 -> 11 | J14: ='08.07.2026'!D16 -> 10 | K14: ='09.07.2026'!D16 -> 15 | L14: ='10.07.2026'!D16 -> 15 | M14: ='11.07.2026'!D16 -> 0 | O14: ='13.07.2026'!D16 -> 9 | P14: ='14.07.2026'!D16 -> 16 | Q14: ='15.07.2026'!D16 -> 14 | R14: ='16.07.2026'!D16 -> 11 | S14: ='17.07.2026'!D16 -> 1 | T14: ='18.07.2026'!D16 -> 0 | V14: ='20.07.2026'!D16 -> 8 | W14: ='21.07.2026'!D16 -> 7 | X14: ='22.07.2026'!D16 -> 4 | Y14: ='23.07.2026'!D16 -> 9 | Z14: ='24.07.2026'!D16 -> 2 | AA14: ='25.07.2026'!D16 -> 0 | AC14: ='27.07.2026'!D16 -> 7 | AD14: ='28.07.2026'!D16 -> 8 | AE14: ='29.07.2026'!D16 -> 0 | AF14: ='30.07.2026'!D16 -> 5 | AG14: ='31.07.2026'!D16 -> 7 | AI14: =SUM(C14:AF14) -> 179
A15: 2 | B15: Nderrimi i TMRR-ve | C15: ='01.07.2026'!D17 -> 0 | D15: ='02.07.2026'!D17 -> 0 | E15: ='03.07.2026'!D17 -> 0 | F15: ='04.07.2026'!D17 -> 0 | H15: ='06.07.2026'!D17 -> 0 | I15: ='07.07.2026'!D17 -> 0 | J15: ='08.07.2026'!D17 -> 0 | K15: ='09.07.2026'!D17 -> 0 | L15: ='10.07.2026'!D17 -> 0 | M15: ='11.07.2026'!D17 -> 0 | O15: ='13.07.2026'!D17 -> 0 | P15: ='14.07.2026'!D17 -> 0 | Q15: ='15.07.2026'!D17 -> 0 | R15: ='16.07.2026'!D17 -> 0 | S15: ='17.07.2026'!D17 -> 0 | T15: ='18.07.2026'!D17 -> 0 | V15: ='20.07.2026'!D17 -> 0 | W15: ='21.07.2026'!D17 -> 0 | X15: ='22.07.2026'!D17 -> 0 | Y15: ='23.07.2026'!D17 -> 0 | Z15: ='24.07.2026'!D17 -> 0 | AA15: ='25.07.2026'!D17 -> 0 | AC15: ='27.07.2026'!D17 -> 0 | AD15: ='28.07.2026'!D17 -> 0 | AE15: ='29.07.2026'!D17 -> 0 | AF15: ='30.07.2026'!D17 -> 0 | AG15: ='31.07.2026'!D17 -> 0 | AI15: =SUM(C15:AF15) -> 0
A16: 3 | B16: Ndrrimet i njehsorit | C16: ='01.07.2026'!D18 -> 0 | D16: ='02.07.2026'!D18 -> 0 | E16: ='03.07.2026'!D18 -> 0 | F16: ='04.07.2026'!D18 -> 0 | H16: ='06.07.2026'!D18 -> 0 | I16: ='07.07.2026'!D18 -> 0 | J16: ='08.07.2026'!D18 -> 0 | K16: ='09.07.2026'!D18 -> 0 | L16: ='10.07.2026'!D18 -> 0 | M16: ='11.07.2026'!D18 -> 0 | O16: ='13.07.2026'!D18 -> 0 | P16: ='14.07.2026'!D18 -> 0 | Q16: ='15.07.2026'!D18 -> 0 | R16: ='16.07.2026'!D18 -> 0 | S16: ='17.07.2026'!D18 -> 0 | T16: ='18.07.2026'!D18 -> 0 | V16: ='20.07.2026'!D18 -> 0 | W16: ='21.07.2026'!D18 -> 0 | X16: ='22.07.2026'!D18 -> 0 | Y16: ='23.07.2026'!D18 -> 0 | Z16: ='24.07.2026'!D18 -> 1 | AA16: ='25.07.2026'!D18 -> 0 | AC16: ='27.07.2026'!D18 -> 0 | AD16: ='28.07.2026'!D18 -> 0 | AE16: ='29.07.2026'!D18 -> 1 | AF16: ='30.07.2026'!D18 -> 2 | AG16: ='31.07.2026'!D18 -> 0 | AI16: =SUM(C16:AF16) -> 4
A17: 4 | B17: Montimet e GM | C17: ='01.07.2026'!D19 -> 1 | D17: ='02.07.2026'!D19 -> 1 | E17: ='03.07.2026'!D19 -> 0 | F17: ='04.07.2026'!D19 -> 0 | H17: ='06.07.2026'!D19 -> 0 | I17: ='07.07.2026'!D19 -> 0 | J17: ='08.07.2026'!D19 -> 0 | K17: ='09.07.2026'!D19 -> 1 | L17: ='10.07.2026'!D19 -> 1 | M17: ='11.07.2026'!D19 -> 0 | O17: ='13.07.2026'!D19 -> 1 | P17: ='14.07.2026'!D19 -> 0 | Q17: ='15.07.2026'!D19 -> 0 | R17: ='16.07.2026'!D19 -> 0 | S17: ='17.07.2026'!D19 -> 1 | T17: ='18.07.2026'!D19 -> 0 | V17: ='20.07.2026'!D19 -> 0 | W17: ='21.07.2026'!D19 -> 0 | X17: ='22.07.2026'!D19 -> 1 | Y17: ='23.07.2026'!D19 -> 0 | Z17: ='24.07.2026'!D19 -> 0 | AA17: ='25.07.2026'!D19 -> 0 | AC17: ='27.07.2026'!D19 -> 0 | AD17: ='28.07.2026'!D19 -> 0 | AE17: ='29.07.2026'!D19 -> 0 | AF17: ='30.07.2026'!D19 -> 0 | AG17: ='31.07.2026'!D19 -> 0 | AI17: =SUM(C17:AF17) -> 7
A18: 5 | B18: Rregullimi i lidhjes | C18: ='01.07.2026'!D20 -> 0 | D18: ='02.07.2026'!D20 -> 0 | E18: ='03.07.2026'!D20 -> 0 | F18: ='04.07.2026'!D20 -> 0 | H18: ='06.07.2026'!D20 -> 0 | I18: ='07.07.2026'!D20 -> 0 | J18: ='08.07.2026'!D20 -> 0 | K18: ='09.07.2026'!D20 -> 0 | L18: ='10.07.2026'!D20 -> 0 | M18: ='11.07.2026'!D20 -> 0 | O18: ='13.07.2026'!D20 -> 1 | P18: ='14.07.2026'!D20 -> 0 | Q18: ='15.07.2026'!D20 -> 0 | R18: ='16.07.2026'!D20 -> 0 | S18: ='17.07.2026'!D20 -> 0 | T18: ='18.07.2026'!D20 -> 0 | V18: ='20.07.2026'!D20 -> 0 | W18: ='21.07.2026'!D20 -> 0 | X18: ='22.07.2026'!D20 -> 0 | Y18: ='23.07.2026'!D20 -> 0 | Z18: ='24.07.2026'!D20 -> 0 | AA18: ='25.07.2026'!D20 -> 0 | AC18: ='27.07.2026'!D20 -> 0 | AD18: ='28.07.2026'!D20 -> 0 | AE18: ='29.07.2026'!D20 -> 0 | AF18: ='30.07.2026'!D20 -> 0 | AG18: ='31.07.2026'!D20 -> 0 | AI18: =SUM(C18:AF18) -> 1
A19: 6 | B19: Rregullim i fazimit, antenës, etj | C19: ='01.07.2026'!D21 -> 0 | D19: ='02.07.2026'!D21 -> 0 | E19: ='03.07.2026'!D21 -> 0 | F19: ='04.07.2026'!D21 -> 0 | H19: ='06.07.2026'!D21 -> 0 | I19: ='07.07.2026'!D21 -> 0 | J19: ='08.07.2026'!D21 -> 0 | K19: ='09.07.2026'!D21 -> 0 | L19: ='10.07.2026'!D21 -> 0 | M19: ='11.07.2026'!D21 -> 0 | O19: ='13.07.2026'!D21 -> 0 | P19: ='14.07.2026'!D21 -> 0 | Q19: ='15.07.2026'!D21 -> 0 | R19: ='16.07.2026'!D21 -> 0 | S19: ='17.07.2026'!D21 -> 0 | T19: ='18.07.2026'!D21 -> 0 | V19: ='20.07.2026'!D21 -> 0 | W19: ='21.07.2026'!D21 -> 0 | X19: ='22.07.2026'!D21 -> 0 | Y19: ='23.07.2026'!D21 -> 0 | Z19: ='24.07.2026'!D21 -> 0 | AA19: ='25.07.2026'!D21 -> 0 | AC19: ='27.07.2026'!D21 -> 0 | AD19: ='28.07.2026'!D21 -> 0 | AE19: ='29.07.2026'!D21 -> 4 | AF19: ='30.07.2026'!D21 -> 0 | AG19: ='31.07.2026'!D21 -> 0 | AI19: =SUM(C19:AF19) -> 4
A20: 7 | B20: Mbesin njehsorë të dëmtuar | C20: ='01.07.2026'!D22 -> 0 | D20: ='02.07.2026'!D22 -> 0 | E20: ='03.07.2026'!D22 -> 0 | F20: ='04.07.2026'!D22 -> 0 | H20: ='06.07.2026'!D22 -> 0 | I20: ='07.07.2026'!D22 -> 0 | J20: ='08.07.2026'!D22 -> 0 | K20: ='09.07.2026'!D22 -> 0 | L20: ='10.07.2026'!D22 -> 0 | M20: ='11.07.2026'!D22 -> 0 | O20: ='13.07.2026'!D22 -> 0 | P20: ='14.07.2026'!D22 -> 0 | Q20: ='15.07.2026'!D22 -> 0 | R20: ='16.07.2026'!D22 -> 0 | S20: ='17.07.2026'!D22 -> 0 | T20: ='18.07.2026'!D22 -> 0 | V20: ='20.07.2026'!D22 -> 0 | W20: ='21.07.2026'!D22 -> 0 | X20: ='22.07.2026'!D22 -> 0 | Y20: ='23.07.2026'!D22 -> 0 | Z20: ='24.07.2026'!D22 -> 0 | AA20: ='25.07.2026'!D22 -> 0 | AC20: ='27.07.2026'!D22 -> 0 | AD20: ='28.07.2026'!D22 -> 0 | AE20: ='29.07.2026'!D22 -> 2 | AF20: ='30.07.2026'!D22 -> 0 | AG20: ='31.07.2026'!D22 -> 0 | AI20: =SUM(C20:AF20) -> 2
A21: 8 | B21: Kontrollim sipas humbjeve | C21: ='01.07.2026'!D23 -> 0 | D21: ='02.07.2026'!D23 -> 0 | E21: ='03.07.2026'!D23 -> 0 | F21: ='04.07.2026'!D23 -> 0 | H21: ='06.07.2026'!D23 -> 0 | I21: ='07.07.2026'!D23 -> 0 | J21: ='08.07.2026'!D23 -> 0 | K21: ='09.07.2026'!D23 -> 0 | L21: ='10.07.2026'!D23 -> 0 | M21: ='11.07.2026'!D23 -> 0 | O21: ='13.07.2026'!D23 -> 0 | P21: ='14.07.2026'!D23 -> 0 | Q21: ='15.07.2026'!D23 -> 0 | R21: ='16.07.2026'!D23 -> 0 | S21: ='17.07.2026'!D23 -> 0 | T21: ='18.07.2026'!D23 -> 0 | V21: ='20.07.2026'!D23 -> 0 | W21: ='21.07.2026'!D23 -> 0 | X21: ='22.07.2026'!D23 -> 0 | Y21: ='23.07.2026'!D23 -> 0 | Z21: ='24.07.2026'!D23 -> 0 | AA21: ='25.07.2026'!D23 -> 0 | AC21: ='27.07.2026'!D23 -> 0 | AD21: ='28.07.2026'!D23 -> 0 | AE21: ='29.07.2026'!D23 -> 0 | AF21: ='30.07.2026'!D23 -> 0 | AG21: ='31.07.2026'!D23 -> 0 | AI21: =SUM(C21:AF21) -> 0
A22: 9 | B22: Rregullim pas vendosjes së ormanit të ri | C22: ='01.07.2026'!D24 -> 0 | D22: ='02.07.2026'!D24 -> 0 | E22: ='03.07.2026'!D24 -> 0 | F22: ='04.07.2026'!D24 -> 0 | H22: ='06.07.2026'!D24 -> 0 | I22: ='07.07.2026'!D24 -> 0 | J22: ='08.07.2026'!D24 -> 0 | K22: ='09.07.2026'!D24 -> 0 | L22: ='10.07.2026'!D24 -> 0 | M22: ='11.07.2026'!D24 -> 0 | O22: ='13.07.2026'!D24 -> 0 | P22: ='14.07.2026'!D24 -> 0 | Q22: ='15.07.2026'!D24 -> 0 | R22: ='16.07.2026'!D24 -> 0 | S22: ='17.07.2026'!D24 -> 0 | T22: ='18.07.2026'!D24 -> 0 | V22: ='20.07.2026'!D24 -> 0 | W22: ='21.07.2026'!D24 -> 0 | X22: ='22.07.2026'!D24 -> 0 | Y22: ='23.07.2026'!D24 -> 0 | Z22: ='24.07.2026'!D24 -> 0 | AA22: ='25.07.2026'!D24 -> 0 | AC22: ='27.07.2026'!D24 -> 0 | AD22: ='28.07.2026'!D24 -> 0 | AE22: ='29.07.2026'!D24 -> 0 | AF22: ='30.07.2026'!D24 -> 0 | AG22: ='31.07.2026'!D24 -> 0 | AI22: =SUM(C22:AF22) -> 0
A23: 10 | B23: Ndërrimet e TMRR pas ndërrimit të TR | C23: ='01.07.2026'!D25 -> 0 | D23: ='02.07.2026'!D25 -> 0 | E23: ='03.07.2026'!D25 -> 0 | F23: ='04.07.2026'!D25 -> 0 | H23: ='06.07.2026'!D25 -> 0 | I23: ='07.07.2026'!D25 -> 0 | J23: ='08.07.2026'!D25 -> 0 | K23: ='09.07.2026'!D25 -> 0 | L23: ='10.07.2026'!D25 -> 0 | M23: ='11.07.2026'!D25 -> 0 | O23: ='13.07.2026'!D25 -> 0 | P23: ='14.07.2026'!D25 -> 0 | Q23: ='15.07.2026'!D25 -> 0 | R23: ='16.07.2026'!D25 -> 0 | S23: ='17.07.2026'!D25 -> 0 | T23: ='18.07.2026'!D25 -> 0 | V23: ='20.07.2026'!D25 -> 0 | W23: ='21.07.2026'!D25 -> 0 | X23: ='22.07.2026'!D25 -> 0 | Y23: ='23.07.2026'!D25 -> 0 | Z23: ='24.07.2026'!D25 -> 0 | AA23: ='25.07.2026'!D25 -> 0 | AC23: ='27.07.2026'!D25 -> 0 | AD23: ='28.07.2026'!D25 -> 0 | AE23: ='29.07.2026'!D25 -> 0 | AF23: ='30.07.2026'!D25 -> 0 | AG23: ='31.07.2026'!D25 -> 0 | AI23: =SUM(C23:AF23) -> 0
A24: 11 | B24: Koncentrator | C24: ='01.07.2026'!D26 -> 0 | D24: ='02.07.2026'!D26 -> 0 | E24: ='03.07.2026'!D26 -> 0 | F24: ='04.07.2026'!D26 -> 0 | H24: ='06.07.2026'!D26 -> 1 | I24: ='07.07.2026'!D26 -> 0 | J24: ='08.07.2026'!D26 -> 0 | K24: ='09.07.2026'!D26 -> 0 | L24: ='10.07.2026'!D26 -> 0 | M24: ='11.07.2026'!D26 -> 0 | O24: ='13.07.2026'!D26 -> 1 | P24: ='14.07.2026'!D26 -> 0 | Q24: ='15.07.2026'!D26 -> 0 | R24: ='16.07.2026'!D26 -> 0 | S24: ='17.07.2026'!D26 -> 0 | T24: ='18.07.2026'!D26 -> 0 | V24: ='20.07.2026'!D26 -> 0 | W24: ='21.07.2026'!D26 -> 0 | X24: ='22.07.2026'!D26 -> 0 | Y24: ='23.07.2026'!D26 -> 0 | Z24: ='24.07.2026'!D26 -> 0 | AA24: ='25.07.2026'!D26 -> 0 | AC24: ='27.07.2026'!D26 -> 0 | AD24: ='28.07.2026'!D26 -> 0 | AE24: ='29.07.2026'!D26 -> 1 | AF24: ='30.07.2026'!D26 -> 0 | AG24: ='31.07.2026'!D26 -> 0 | AI24: =SUM(C24:AF24) -> 3
B26: DIREKT
A27: 1 | B27: Lidhje të reja | C27: ='01.07.2026'!D29 -> 0 | D27: ='02.07.2026'!D29 -> 0 | E27: ='03.07.2026'!D29 -> 0 | F27: ='04.07.2026'!D29 -> 0 | H27: ='06.07.2026'!D29 -> 0 | I27: ='07.07.2026'!D29 -> 0 | J27: ='08.07.2026'!D29 -> 0 | K27: ='09.07.2026'!D29 -> 0 | L27: ='10.07.2026'!D29 -> 0 | M27: ='11.07.2026'!D29 -> 0 | O27: ='13.07.2026'!D29 -> 0 | P27: ='14.07.2026'!D29 -> 0 | Q27: ='15.07.2026'!D29 -> 0 | R27: ='16.07.2026'!D29 -> 0 | S27: ='17.07.2026'!D29 -> 0 | T27: ='18.07.2026'!D29 -> 0 | V27: ='20.07.2026'!D29 -> 0 | W27: ='21.07.2026'!D29 -> 0 | X27: ='22.07.2026'!D29 -> 0 | Y27: ='23.07.2026'!D29 -> 0 | Z27: ='24.07.2026'!D29 -> 0 | AA27: ='25.07.2026'!D29 -> 0 | AC27: ='27.07.2026'!D29 -> 0 | AD27: ='28.07.2026'!D29 -> 0 | AE27: ='29.07.2026'!D29 -> 0 | AF27: ='30.07.2026'!D29 -> 0 | AG27: ='31.07.2026'!D29 -> 0 | AI27: =SUM(C27:AF27) -> 0
A28: 2 | B28: Ndërrime | C28: ='01.07.2026'!D30 -> 0 | D28: ='02.07.2026'!D30 -> 1 | E28: ='03.07.2026'!D30 -> 1 | F28: ='04.07.2026'!D30 -> 0 | H28: ='06.07.2026'!D30 -> 0 | I28: ='07.07.2026'!D30 -> 0 | J28: ='08.07.2026'!D30 -> 0 | K28: ='09.07.2026'!D30 -> 0 | L28: ='10.07.2026'!D30 -> 0 | M28: ='11.07.2026'!D30 -> 0 | O28: ='13.07.2026'!D30 -> 0 | P28: ='14.07.2026'!D30 -> 0 | Q28: ='15.07.2026'!D30 -> 0 | R28: ='16.07.2026'!D30 -> 0 | S28: ='17.07.2026'!D30 -> 0 | T28: ='18.07.2026'!D30 -> 0 | V28: ='20.07.2026'!D30 -> 0 | W28: ='21.07.2026'!D30 -> 0 | X28: ='22.07.2026'!D30 -> 0 | Y28: ='23.07.2026'!D30 -> 0 | Z28: ='24.07.2026'!D30 -> 0 | AA28: ='25.07.2026'!D30 -> 0 | AC28: ='27.07.2026'!D30 -> 0 | AD28: ='28.07.2026'!D30 -> 0 | AE28: ='29.07.2026'!D30 -> 0 | AF28: ='30.07.2026'!D30 -> 0 | AG28: ='31.07.2026'!D30 -> 0 | AI28: =SUM(C28:AF28) -> 2
A29: 3 | B29: PLC | C29: ='01.07.2026'!D31 -> 0 | D29: ='02.07.2026'!D31 -> 0 | E29: ='03.07.2026'!D31 -> 0 | F29: ='04.07.2026'!D31 -> 0 | H29: ='06.07.2026'!D31 -> 0 | I29: ='07.07.2026'!D31 -> 0 | J29: ='08.07.2026'!D31 -> 0 | K29: ='09.07.2026'!D31 -> 0 | L29: ='10.07.2026'!D31 -> 0 | M29: ='11.07.2026'!D31 -> 0 | O29: ='13.07.2026'!D31 -> 0 | P29: ='14.07.2026'!D31 -> 0 | Q29: ='15.07.2026'!D31 -> 0 | R29: ='16.07.2026'!D31 -> 0 | S29: ='17.07.2026'!D31 -> 0 | T29: ='18.07.2026'!D31 -> 0 | V29: ='20.07.2026'!D31 -> 0 | W29: ='21.07.2026'!D31 -> 0 | X29: ='22.07.2026'!D31 -> 0 | Y29: ='23.07.2026'!D31 -> 0 | Z29: ='24.07.2026'!D31 -> 0 | AA29: ='25.07.2026'!D31 -> 0 | AC29: ='27.07.2026'!D31 -> 0 | AD29: ='28.07.2026'!D31 -> 0 | AE29: ='29.07.2026'!D31 -> 0 | AF29: ='30.07.2026'!D31 -> 0 | AG29: ='31.07.2026'!D31 -> 0 | AI29: =SUM(C29:AF29) -> 0
A30: 4 | B30: Kontrollim me ZERA | C30: ='01.07.2026'!D32 -> 0 | D30: ='02.07.2026'!D32 -> 0 | E30: ='03.07.2026'!D32 -> 0 | F30: ='04.07.2026'!D32 -> 0 | H30: ='06.07.2026'!D32 -> 0 | I30: ='07.07.2026'!D32 -> 0 | J30: ='08.07.2026'!D32 -> 0 | K30: ='09.07.2026'!D32 -> 0 | L30: ='10.07.2026'!D32 -> 0 | M30: ='11.07.2026'!D32 -> 0 | O30: ='13.07.2026'!D32 -> 0 | P30: ='14.07.2026'!D32 -> 0 | Q30: ='15.07.2026'!D32 -> 0 | R30: ='16.07.2026'!D32 -> 0 | S30: ='17.07.2026'!D32 -> 0 | T30: ='18.07.2026'!D32 -> 0 | V30: ='20.07.2026'!D32 -> 0 | W30: ='21.07.2026'!D32 -> 0 | X30: ='22.07.2026'!D32 -> 0 | Y30: ='23.07.2026'!D32 -> 0 | Z30: ='24.07.2026'!D32 -> 0 | AA30: ='25.07.2026'!D32 -> 0 | AC30: ='27.07.2026'!D32 -> 0 | AD30: ='28.07.2026'!D32 -> 2 | AE30: ='29.07.2026'!D32 -> 0 | AF30: ='30.07.2026'!D32 -> 0 | AG30: ='31.07.2026'!D32 -> 0 | AI30: =SUM(C30:AF30) -> 2
A31: 5 | B31: Rregullim komunikimit dhe tjera | C31: ='01.07.2026'!D33 -> 15 | D31: ='02.07.2026'!D33 -> 0 | E31: ='03.07.2026'!D33 -> 0 | F31: ='04.07.2026'!D33 -> 0 | H31: ='06.07.2026'!D33 -> 0 | I31: ='07.07.2026'!D33 -> 0 | J31: ='08.07.2026'!D33 -> 0 | K31: ='09.07.2026'!D33 -> 0 | L31: ='10.07.2026'!D33 -> 0 | M31: ='11.07.2026'!D33 -> 0 | O31: ='13.07.2026'!D33 -> 0 | P31: ='14.07.2026'!D33 -> 0 | Q31: ='15.07.2026'!D33 -> 0 | R31: ='16.07.2026'!D33 -> 0 | S31: ='17.07.2026'!D33 -> 0 | T31: ='18.07.2026'!D33 -> 0 | V31: ='20.07.2026'!D33 -> 1 | W31: ='21.07.2026'!D33 -> 10 | X31: ='22.07.2026'!D33 -> 44 | Y31: ='23.07.2026'!D33 -> 8 | Z31: ='24.07.2026'!D33 -> 13 | AA31: ='25.07.2026'!D33 -> 0 | AC31: ='27.07.2026'!D33 -> 16 | AD31: ='28.07.2026'!D33 -> 8 | AE31: ='29.07.2026'!D33 -> 7 | AF31: ='30.07.2026'!D33 -> 19 | AG31: ='31.07.2026'!D33 -> 5 | AI31: =SUM(C31:AF31) -> 141

Sheet DPE
A1: DPE - RAPORT MUJOR - QERSHOR 2026
A2: NR | B2: KOMERCIAL | C2: 1 | D2: 2 | E2: 3 | F2: 4 | G2: 5 | H2: 6 | I2: 7 | J2: 8 | K2: 9 | L2: 10 | M2: 11 | N2: 12 | O2: 13 | P2: 14 | Q2: 15 | R2: 16 | S2: 17 | T2: 18 | U2: 19 | V2: 20 | W2: 21 | X2: 22 | Y2: 23 | Z2: 24 | AA2: 25 | AB2: 26 | AC2: 27 | AD2: 28 | AE2: 29 | AF2: 30 | AG2: 31 | AI2: Totali
A3: 1 | B3: Kontrollimi periodik i GM | C3: ='01.07.2026'!E5 -> 3 | D3: ='02.07.2026'!E5 -> 0 | E3: ='03.07.2026'!E5 -> 0 | F3: ='04.07.2026'!E5 -> 5 | H3: ='06.07.2026'!E5 -> 2 | I3: ='07.07.2026'!E5 -> 6 | J3: ='08.07.2026'!E5 -> 2 | K3: ='09.07.2026'!E5 -> 1 | L3: ='10.07.2026'!E5 -> 3 | M3: ='11.07.2026'!E5 -> 0 | O3: ='13.07.2026'!E5 -> 3 | P3: ='14.07.2026'!E5 -> 2 | Q3: ='15.07.2026'!E5 -> 3 | R3: ='16.07.2026'!E5 -> 2 | S3: ='17.07.2026'!E5 -> 6 | T3: ='18.07.2026'!E5 -> 0 | V3: ='20.07.2026'!E5 -> 0 | W3: ='21.07.2026'!E5 -> 0 | X3: ='22.07.2026'!E5 -> 3 | Y3: ='23.07.2026'!E5 -> 1 | Z3: ='24.07.2026'!E5 -> 0 | AA3: ='25.07.2026'!E5 -> 0 | AC3: ='27.07.2026'!E5 -> 0 | AD3: ='28.07.2026'!E5 -> 1 | AE3: ='29.07.2026'!E5 -> 0 | AF3: ='30.07.2026'!E5 -> 0 | AG3: ='31.07.2026'!E5 -> 0 | AI3: =SUM(C3:AF3) -> 43
A4: 2 | B4: Kontrollimi sipas DV i GM | C4: ='01.07.2026'!E6 -> 0 | D4: ='02.07.2026'!E6 -> 0 | E4: ='03.07.2026'!E6 -> 0 | F4: ='04.07.2026'!E6 -> 0 | H4: ='06.07.2026'!E6 -> 1 | I4: ='07.07.2026'!E6 -> 0 | J4: ='08.07.2026'!E6 -> 0 | K4: ='09.07.2026'!E6 -> 0 | L4: ='10.07.2026'!E6 -> 0 | M4: ='11.07.2026'!E6 -> 0 | O4: ='13.07.2026'!E6 -> 0 | P4: ='14.07.2026'!E6 -> 0 | Q4: ='15.07.2026'!E6 -> 0 | R4: ='16.07.2026'!E6 -> 0 | S4: ='17.07.2026'!E6 -> 0 | T4: ='18.07.2026'!E6 -> 0 | V4: ='20.07.2026'!E6 -> 0 | W4: ='21.07.2026'!E6 -> 0 | X4: ='22.07.2026'!E6 -> 0 | Y4: ='23.07.2026'!E6 -> 0 | Z4: ='24.07.2026'!E6 -> 0 | AA4: ='25.07.2026'!E6 -> 0 | AC4: ='27.07.2026'!E6 -> 0 | AD4: ='28.07.2026'!E6 -> 0 | AE4: ='29.07.2026'!E6 -> 0 | AF4: ='30.07.2026'!E6 -> 0 | AG4: ='31.07.2026'!E6 -> 0 | AI4: =SUM(C4:AF4) -> 1
A5: 3 | B5: Ndërrimi i TMRR-ve | C5: ='01.07.2026'!E7 -> 0 | D5: ='02.07.2026'!E7 -> 0 | E5: ='03.07.2026'!E7 -> 0 | F5: ='04.07.2026'!E7 -> 0 | H5: ='06.07.2026'!E7 -> 0 | I5: ='07.07.2026'!E7 -> 0 | J5: ='08.07.2026'!E7 -> 0 | K5: ='09.07.2026'!E7 -> 0 | L5: ='10.07.2026'!E7 -> 0 | M5: ='11.07.2026'!E7 -> 0 | O5: ='13.07.2026'!E7 -> 0 | P5: ='14.07.2026'!E7 -> 0 | Q5: ='15.07.2026'!E7 -> 0 | R5: ='16.07.2026'!E7 -> 0 | S5: ='17.07.2026'!E7 -> 0 | T5: ='18.07.2026'!E7 -> 0 | V5: ='20.07.2026'!E7 -> 0 | W5: ='21.07.2026'!E7 -> 0 | X5: ='22.07.2026'!E7 -> 0 | Y5: ='23.07.2026'!E7 -> 0 | Z5: ='24.07.2026'!E7 -> 0 | AA5: ='25.07.2026'!E7 -> 0 | AC5: ='27.07.2026'!E7 -> 0 | AD5: ='28.07.2026'!E7 -> 0 | AE5: ='29.07.2026'!E7 -> 0 | AF5: ='30.07.2026'!E7 -> 1 | AG5: ='31.07.2026'!E7 -> 0 | AI5: =SUM(C5:AF5) -> 1
A6: 4 | B6: Ndërrimi i njehsorit | C6: ='01.07.2026'!E8 -> 0 | D6: ='02.07.2026'!E8 -> 1 | E6: ='03.07.2026'!E8 -> 4 | F6: ='04.07.2026'!E8 -> 0 | H6: ='06.07.2026'!E8 -> 0 | I6: ='07.07.2026'!E8 -> 0 | J6: ='08.07.2026'!E8 -> 0 | K6: ='09.07.2026'!E8 -> 0 | L6: ='10.07.2026'!E8 -> 0 | M6: ='11.07.2026'!E8 -> 0 | O6: ='13.07.2026'!E8 -> 0 | P6: ='14.07.2026'!E8 -> 0 | Q6: ='15.07.2026'!E8 -> 0 | R6: ='16.07.2026'!E8 -> 0 | S6: ='17.07.2026'!E8 -> 0 | T6: ='18.07.2026'!E8 -> 0 | V6: ='20.07.2026'!E8 -> 0 | W6: ='21.07.2026'!E8 -> 0 | X6: ='22.07.2026'!E8 -> 0 | Y6: ='23.07.2026'!E8 -> 0 | Z6: ='24.07.2026'!E8 -> 1 | AA6: ='25.07.2026'!E8 -> 0 | AC6: ='27.07.2026'!E8 -> 0 | AD6: ='28.07.2026'!E8 -> 0 | AE6: ='29.07.2026'!E8 -> 0 | AF6: ='30.07.2026'!E8 -> 1 | AG6: ='31.07.2026'!E8 -> 0 | AI6: =SUM(C6:AF6) -> 7
A7: 5 | B7: Montimet e GM me PEE | C7: ='01.07.2026'!E9 -> 0 | D7: ='02.07.2026'!E9 -> 0 | E7: ='03.07.2026'!E9 -> 0 | F7: ='04.07.2026'!E9 -> 1 | H7: ='06.07.2026'!E9 -> 0 | I7: ='07.07.2026'!E9 -> 0 | J7: ='08.07.2026'!E9 -> 0 | K7: ='09.07.2026'!E9 -> 0 | L7: ='10.07.2026'!E9 -> 0 | M7: ='11.07.2026'!E9 -> 0 | O7: ='13.07.2026'!E9 -> 0 | P7: ='14.07.2026'!E9 -> 0 | Q7: ='15.07.2026'!E9 -> 0 | R7: ='16.07.2026'!E9 -> 0 | S7: ='17.07.2026'!E9 -> 0 | T7: ='18.07.2026'!E9 -> 0 | V7: ='20.07.2026'!E9 -> 0 | W7: ='21.07.2026'!E9 -> 0 | X7: ='22.07.2026'!E9 -> 0 | Y7: ='23.07.2026'!E9 -> 0 | Z7: ='24.07.2026'!E9 -> 0 | AA7: ='25.07.2026'!E9 -> 0 | AC7: ='27.07.2026'!E9 -> 0 | AD7: ='28.07.2026'!E9 -> 0 | AE7: ='29.07.2026'!E9 -> 0 | AF7: ='30.07.2026'!E9 -> 0 | AG7: ='31.07.2026'!E9 -> 0 | AI7: =SUM(C7:AF7) -> 1
A8: 6 | B8: Kontrollime me kërkesë të konsumatorit | C8: ='01.07.2026'!E10 -> 0 | D8: ='02.07.2026'!E10 -> 0 | E8: ='03.07.2026'!E10 -> 0 | F8: ='04.07.2026'!E10 -> 0 | H8: ='06.07.2026'!E10 -> 0 | I8: ='07.07.2026'!E10 -> 0 | J8: ='08.07.2026'!E10 -> 0 | K8: ='09.07.2026'!E10 -> 0 | L8: ='10.07.2026'!E10 -> 0 | M8: ='11.07.2026'!E10 -> 0 | O8: ='13.07.2026'!E10 -> 0 | P8: ='14.07.2026'!E10 -> 0 | Q8: ='15.07.2026'!E10 -> 0 | R8: ='16.07.2026'!E10 -> 0 | S8: ='17.07.2026'!E10 -> 0 | T8: ='18.07.2026'!E10 -> 0 | V8: ='20.07.2026'!E10 -> 0 | W8: ='21.07.2026'!E10 -> 0 | X8: ='22.07.2026'!E10 -> 0 | Y8: ='23.07.2026'!E10 -> 0 | Z8: ='24.07.2026'!E10 -> 0 | AA8: ='25.07.2026'!E10 -> 0 | AC8: ='27.07.2026'!E10 -> 0 | AD8: ='28.07.2026'!E10 -> 0 | AE8: ='29.07.2026'!E10 -> 0 | AF8: ='30.07.2026'!E10 -> 0 | AG8: ='31.07.2026'!E10 -> 0 | AI8: =SUM(C8:AF8) -> 0
A9: 7 | B9: Rregullimi i lidhjes | C9: ='01.07.2026'!E11 -> 0 | D9: ='02.07.2026'!E11 -> 0 | E9: ='03.07.2026'!E11 -> 0 | F9: ='04.07.2026'!E11 -> 0 | H9: ='06.07.2026'!E11 -> 1 | I9: ='07.07.2026'!E11 -> 0 | J9: ='08.07.2026'!E11 -> 0 | K9: ='09.07.2026'!E11 -> 0 | L9: ='10.07.2026'!E11 -> 0 | M9: ='11.07.2026'!E11 -> 0 | O9: ='13.07.2026'!E11 -> 0 | P9: ='14.07.2026'!E11 -> 0 | Q9: ='15.07.2026'!E11 -> 0 | R9: ='16.07.2026'!E11 -> 0 | S9: ='17.07.2026'!E11 -> 0 | T9: ='18.07.2026'!E11 -> 0 | V9: ='20.07.2026'!E11 -> 0 | W9: ='21.07.2026'!E11 -> 0 | X9: ='22.07.2026'!E11 -> 0 | Y9: ='23.07.2026'!E11 -> 0 | Z9: ='24.07.2026'!E11 -> 0 | AA9: ='25.07.2026'!E11 -> 0 | AC9: ='27.07.2026'!E11 -> 0 | AD9: ='28.07.2026'!E11 -> 0 | AE9: ='29.07.2026'!E11 -> 0 | AF9: ='30.07.2026'!E11 -> 0 | AG9: ='31.07.2026'!E11 -> 0 | AI9: =SUM(C9:AF9) -> 1
A10: 8 | B10: Rregullim i komunikimit | C10: ='01.07.2026'!E12 -> 0 | D10: ='02.07.2026'!E12 -> 0 | E10: ='03.07.2026'!E12 -> 0 | F10: ='04.07.2026'!E12 -> 0 | H10: ='06.07.2026'!E12 -> 3 | I10: ='07.07.2026'!E12 -> 0 | J10: ='08.07.2026'!E12 -> 0 | K10: ='09.07.2026'!E12 -> 0 | L10: ='10.07.2026'!E12 -> 0 | M10: ='11.07.2026'!E12 -> 0 | O10: ='13.07.2026'!E12 -> 0 | P10: ='14.07.2026'!E12 -> 0 | Q10: ='15.07.2026'!E12 -> 0 | R10: ='16.07.2026'!E12 -> 0 | S10: ='17.07.2026'!E12 -> 0 | T10: ='18.07.2026'!E12 -> 0 | V10: ='20.07.2026'!E12 -> 0 | W10: ='21.07.2026'!E12 -> 0 | X10: ='22.07.2026'!E12 -> 0 | Y10: ='23.07.2026'!E12 -> 0 | Z10: ='24.07.2026'!E12 -> 0 | AA10: ='25.07.2026'!E12 -> 0 | AC10: ='27.07.2026'!E12 -> 0 | AD10: ='28.07.2026'!E12 -> 0 | AE10: ='29.07.2026'!E12 -> 0 | AF10: ='30.07.2026'!E12 -> 0 | AG10: ='31.07.2026'!E12 -> 0 | AI10: =SUM(C10:AF10) -> 3
A11: 9 | B11: Lexim | C11: ='01.07.2026'!E13 -> 25 | D11: ='02.07.2026'!E13 -> 9 | E11: ='03.07.2026'!E13 -> 0 | F11: ='04.07.2026'!E13 -> 0 | H11: ='06.07.2026'!E13 -> 0 | I11: ='07.07.2026'!E13 -> 0 | J11: ='08.07.2026'!E13 -> 0 | K11: ='09.07.2026'!E13 -> 0 | L11: ='10.07.2026'!E13 -> 0 | M11: ='11.07.2026'!E13 -> 0 | O11: ='13.07.2026'!E13 -> 0 | P11: ='14.07.2026'!E13 -> 0 | Q11: ='15.07.2026'!E13 -> 0 | R11: ='16.07.2026'!E13 -> 0 | S11: ='17.07.2026'!E13 -> 0 | T11: ='18.07.2026'!E13 -> 0 | V11: ='20.07.2026'!E13 -> 0 | W11: ='21.07.2026'!E13 -> 36 | X11: ='22.07.2026'!E13 -> 30 | Y11: ='23.07.2026'!E13 -> 22 | Z11: ='24.07.2026'!E13 -> 28 | AA11: ='25.07.2026'!E13 -> 0 | AC11: ='27.07.2026'!E13 -> 30 | AD11: ='28.07.2026'!E13 -> 20 | AE11: ='29.07.2026'!E13 -> 40 | AF11: ='30.07.2026'!E13 -> 20 | AG11: ='31.07.2026'!E13 -> 30 | AI11: =SUM(C11:AF11) -> 260
B13: TRAFOREGJIONE
A14: 1 | B14: Kontrollimi i GM | C14: ='01.07.2026'!E16 -> 0 | D14: ='02.07.2026'!E16 -> 3 | E14: ='03.07.2026'!E16 -> 0 | F14: ='04.07.2026'!E16 -> 2 | H14: ='06.07.2026'!E16 -> 5 | I14: ='07.07.2026'!E16 -> 3 | J14: ='08.07.2026'!E16 -> 14 | K14: ='09.07.2026'!E16 -> 8 | L14: ='10.07.2026'!E16 -> 12 | M14: ='11.07.2026'!E16 -> 0 | O14: ='13.07.2026'!E16 -> 12 | P14: ='14.07.2026'!E16 -> 11 | Q14: ='15.07.2026'!E16 -> 10 | R14: ='16.07.2026'!E16 -> 21 | S14: ='17.07.2026'!E16 -> 10 | T14: ='18.07.2026'!E16 -> 0 | V14: ='20.07.2026'!E16 -> 10 | W14: ='21.07.2026'!E16 -> 0 | X14: ='22.07.2026'!E16 -> 4 | Y14: ='23.07.2026'!E16 -> 1 | Z14: ='24.07.2026'!E16 -> 0 | AA14: ='25.07.2026'!E16 -> 0 | AC14: ='27.07.2026'!E16 -> 0 | AD14: ='28.07.2026'!E16 -> 1 | AE14: ='29.07.2026'!E16 -> 0 | AF14: ='30.07.2026'!E16 -> 0 | AG14: ='31.07.2026'!E16 -> 0 | AI14: =SUM(C14:AF14) -> 127
A15: 2 | B15: Nderrimi i TMRR-ve | C15: ='01.07.2026'!E17 -> 0 | D15: ='02.07.2026'!E17 -> 0 | E15: ='03.07.2026'!E17 -> 0 | F15: ='04.07.2026'!E17 -> 0 | H15: ='06.07.2026'!E17 -> 0 | I15: ='07.07.2026'!E17 -> 1 | J15: ='08.07.2026'!E17 -> 1 | K15: ='09.07.2026'!E17 -> 0 | L15: ='10.07.2026'!E17 -> 0 | M15: ='11.07.2026'!E17 -> 0 | O15: ='13.07.2026'!E17 -> 0 | P15: ='14.07.2026'!E17 -> 0 | Q15: ='15.07.2026'!E17 -> 0 | R15: ='16.07.2026'!E17 -> 0 | S15: ='17.07.2026'!E17 -> 0 | T15: ='18.07.2026'!E17 -> 0 | V15: ='20.07.2026'!E17 -> 0 | W15: ='21.07.2026'!E17 -> 1 | X15: ='22.07.2026'!E17 -> 0 | Y15: ='23.07.2026'!E17 -> 0 | Z15: ='24.07.2026'!E17 -> 0 | AA15: ='25.07.2026'!E17 -> 0 | AC15: ='27.07.2026'!E17 -> 1 | AD15: ='28.07.2026'!E17 -> 0 | AE15: ='29.07.2026'!E17 -> 0 | AF15: ='30.07.2026'!E17 -> 0 | AG15: ='31.07.2026'!E17 -> 1 | AI15: =SUM(C15:AF15) -> 4
A16: 3 | B16: Ndrrimet i njehsorit | C16: ='01.07.2026'!E18 -> 0 | D16: ='02.07.2026'!E18 -> 3 | E16: ='03.07.2026'!E18 -> 0 | F16: ='04.07.2026'!E18 -> 0 | H16: ='06.07.2026'!E18 -> 0 | I16: ='07.07.2026'!E18 -> 0 | J16: ='08.07.2026'!E18 -> 0 | K16: ='09.07.2026'!E18 -> 0 | L16: ='10.07.2026'!E18 -> 0 | M16: ='11.07.2026'!E18 -> 0 | O16: ='13.07.2026'!E18 -> 0 | P16: ='14.07.2026'!E18 -> 0 | Q16: ='15.07.2026'!E18 -> 1 | R16: ='16.07.2026'!E18 -> 0 | S16: ='17.07.2026'!E18 -> 0 | T16: ='18.07.2026'!E18 -> 0 | V16: ='20.07.2026'!E18 -> 0 | W16: ='21.07.2026'!E18 -> 0 | X16: ='22.07.2026'!E18 -> 0 | Y16: ='23.07.2026'!E18 -> 0 | Z16: ='24.07.2026'!E18 -> 0 | AA16: ='25.07.2026'!E18 -> 0 | AC16: ='27.07.2026'!E18 -> 0 | AD16: ='28.07.2026'!E18 -> 0 | AE16: ='29.07.2026'!E18 -> 0 | AF16: ='30.07.2026'!E18 -> 0 | AG16: ='31.07.2026'!E18 -> 0 | AI16: =SUM(C16:AF16) -> 4
A17: 4 | B17: Montimet e GM | C17: ='01.07.2026'!E19 -> 0 | D17: ='02.07.2026'!E19 -> 0 | E17: ='03.07.2026'!E19 -> 0 | F17: ='04.07.2026'!E19 -> 0 | H17: ='06.07.2026'!E19 -> 0 | I17: ='07.07.2026'!E19 -> 0 | J17: ='08.07.2026'!E19 -> 0 | K17: ='09.07.2026'!E19 -> 0 | L17: ='10.07.2026'!E19 -> 1 | M17: ='11.07.2026'!E19 -> 0 | O17: ='13.07.2026'!E19 -> 0 | P17: ='14.07.2026'!E19 -> 0 | Q17: ='15.07.2026'!E19 -> 0 | R17: ='16.07.2026'!E19 -> 0 | S17: ='17.07.2026'!E19 -> 0 | T17: ='18.07.2026'!E19 -> 0 | V17: ='20.07.2026'!E19 -> 1 | W17: ='21.07.2026'!E19 -> 0 | X17: ='22.07.2026'!E19 -> 1 | Y17: ='23.07.2026'!E19 -> 1 | Z17: ='24.07.2026'!E19 -> 1 | AA17: ='25.07.2026'!E19 -> 0 | AC17: ='27.07.2026'!E19 -> 0 | AD17: ='28.07.2026'!E19 -> 0 | AE17: ='29.07.2026'!E19 -> 0 | AF17: ='30.07.2026'!E19 -> 0 | AG17: ='31.07.2026'!E19 -> 0 | AI17: =SUM(C17:AF17) -> 5
A18: 5 | B18: Rregullimi i lidhjes | C18: ='01.07.2026'!E20 -> 0 | D18: ='02.07.2026'!E20 -> 0 | E18: ='03.07.2026'!E20 -> 0 | F18: ='04.07.2026'!E20 -> 0 | H18: ='06.07.2026'!E20 -> 2 | I18: ='07.07.2026'!E20 -> 0 | J18: ='08.07.2026'!E20 -> 0 | K18: ='09.07.2026'!E20 -> 0 | L18: ='10.07.2026'!E20 -> 0 | M18: ='11.07.2026'!E20 -> 0 | O18: ='13.07.2026'!E20 -> 0 | P18: ='14.07.2026'!E20 -> 0 | Q18: ='15.07.2026'!E20 -> 0 | R18: ='16.07.2026'!E20 -> 0 | S18: ='17.07.2026'!E20 -> 0 | T18: ='18.07.2026'!E20 -> 0 | V18: ='20.07.2026'!E20 -> 0 | W18: ='21.07.2026'!E20 -> 0 | X18: ='22.07.2026'!E20 -> 0 | Y18: ='23.07.2026'!E20 -> 0 | Z18: ='24.07.2026'!E20 -> 0 | AA18: ='25.07.2026'!E20 -> 0 | AC18: ='27.07.2026'!E20 -> 0 | AD18: ='28.07.2026'!E20 -> 0 | AE18: ='29.07.2026'!E20 -> 0 | AF18: ='30.07.2026'!E20 -> 0 | AG18: ='31.07.2026'!E20 -> 0 | AI18: =SUM(C18:AF18) -> 2
A19: 6 | B19: Rregullim i fazimit, antenës, etj | C19: ='01.07.2026'!E21 -> 0 | D19: ='02.07.2026'!E21 -> 0 | E19: ='03.07.2026'!E21 -> 0 | F19: ='04.07.2026'!E21 -> 0 | H19: ='06.07.2026'!E21 -> 0 | I19: ='07.07.2026'!E21 -> 0 | J19: ='08.07.2026'!E21 -> 0 | K19: ='09.07.2026'!E21 -> 0 | L19: ='10.07.2026'!E21 -> 0 | M19: ='11.07.2026'!E21 -> 0 | O19: ='13.07.2026'!E21 -> 0 | P19: ='14.07.2026'!E21 -> 1 | Q19: ='15.07.2026'!E21 -> 0 | R19: ='16.07.2026'!E21 -> 0 | S19: ='17.07.2026'!E21 -> 0 | T19: ='18.07.2026'!E21 -> 0 | V19: ='20.07.2026'!E21 -> 0 | W19: ='21.07.2026'!E21 -> 0 | X19: ='22.07.2026'!E21 -> 0 | Y19: ='23.07.2026'!E21 -> 0 | Z19: ='24.07.2026'!E21 -> 0 | AA19: ='25.07.2026'!E21 -> 0 | AC19: ='27.07.2026'!E21 -> 0 | AD19: ='28.07.2026'!E21 -> 0 | AE19: ='29.07.2026'!E21 -> 0 | AF19: ='30.07.2026'!E21 -> 0 | AG19: ='31.07.2026'!E21 -> 0 | AI19: =SUM(C19:AF19) -> 1
A20: 7 | B20: Mbesin njehsorë të dëmtuar | C20: ='01.07.2026'!E22 -> 0 | D20: ='02.07.2026'!E22 -> 0 | E20: ='03.07.2026'!E22 -> 0 | F20: ='04.07.2026'!E22 -> 0 | H20: ='06.07.2026'!E22 -> 0 | I20: ='07.07.2026'!E22 -> 0 | J20: ='08.07.2026'!E22 -> 0 | K20: ='09.07.2026'!E22 -> 0 | L20: ='10.07.2026'!E22 -> 0 | M20: ='11.07.2026'!E22 -> 0 | O20: ='13.07.2026'!E22 -> 0 | P20: ='14.07.2026'!E22 -> 0 | Q20: ='15.07.2026'!E22 -> 0 | R20: ='16.07.2026'!E22 -> 0 | S20: ='17.07.2026'!E22 -> 0 | T20: ='18.07.2026'!E22 -> 0 | V20: ='20.07.2026'!E22 -> 0 | W20: ='21.07.2026'!E22 -> 0 | X20: ='22.07.2026'!E22 -> 0 | Y20: ='23.07.2026'!E22 -> 0 | Z20: ='24.07.2026'!E22 -> 0 | AA20: ='25.07.2026'!E22 -> 0 | AC20: ='27.07.2026'!E22 -> 0 | AD20: ='28.07.2026'!E22 -> 0 | AE20: ='29.07.2026'!E22 -> 0 | AF20: ='30.07.2026'!E22 -> 0 | AG20: ='31.07.2026'!E22 -> 0 | AI20: =SUM(C20:AF20) -> 0
A21: 8 | B21: Kontrollim sipas humbjeve | C21: ='01.07.2026'!E23 -> 0 | D21: ='02.07.2026'!E23 -> 0 | E21: ='03.07.2026'!E23 -> 0 | F21: ='04.07.2026'!E23 -> 0 | H21: ='06.07.2026'!E23 -> 0 | I21: ='07.07.2026'!E23 -> 0 | J21: ='08.07.2026'!E23 -> 0 | K21: ='09.07.2026'!E23 -> 0 | L21: ='10.07.2026'!E23 -> 0 | M21: ='11.07.2026'!E23 -> 0 | O21: ='13.07.2026'!E23 -> 0 | P21: ='14.07.2026'!E23 -> 0 | Q21: ='15.07.2026'!E23 -> 0 | R21: ='16.07.2026'!E23 -> 0 | S21: ='17.07.2026'!E23 -> 0 | T21: ='18.07.2026'!E23 -> 0 | V21: ='20.07.2026'!E23 -> 0 | W21: ='21.07.2026'!E23 -> 0 | X21: ='22.07.2026'!E23 -> 0 | Y21: ='23.07.2026'!E23 -> 0 | Z21: ='24.07.2026'!E23 -> 0 | AA21: ='25.07.2026'!E23 -> 0 | AC21: ='27.07.2026'!E23 -> 0 | AD21: ='28.07.2026'!E23 -> 0 | AE21: ='29.07.2026'!E23 -> 0 | AF21: ='30.07.2026'!E23 -> 0 | AG21: ='31.07.2026'!E23 -> 0 | AI21: =SUM(C21:AF21) -> 0
A22: 9 | B22: Rregullim pas vendosjes së ormanit të ri | C22: ='01.07.2026'!E24 -> 0 | D22: ='02.07.2026'!E24 -> 0 | E22: ='03.07.2026'!E24 -> 0 | F22: ='04.07.2026'!E24 -> 0 | H22: ='06.07.2026'!E24 -> 0 | I22: ='07.07.2026'!E24 -> 0 | J22: ='08.07.2026'!E24 -> 0 | K22: ='09.07.2026'!E24 -> 0 | L22: ='10.07.2026'!E24 -> 0 | M22: ='11.07.2026'!E24 -> 0 | O22: ='13.07.2026'!E24 -> 0 | P22: ='14.07.2026'!E24 -> 0 | Q22: ='15.07.2026'!E24 -> 0 | R22: ='16.07.2026'!E24 -> 0 | S22: ='17.07.2026'!E24 -> 0 | T22: ='18.07.2026'!E24 -> 0 | V22: ='20.07.2026'!E24 -> 0 | W22: ='21.07.2026'!E24 -> 0 | X22: ='22.07.2026'!E24 -> 0 | Y22: ='23.07.2026'!E24 -> 0 | Z22: ='24.07.2026'!E24 -> 0 | AA22: ='25.07.2026'!E24 -> 0 | AC22: ='27.07.2026'!E24 -> 0 | AD22: ='28.07.2026'!E24 -> 0 | AE22: ='29.07.2026'!E24 -> 0 | AF22: ='30.07.2026'!E24 -> 0 | AG22: ='31.07.2026'!E24 -> 0 | AI22: =SUM(C22:AF22) -> 0
A23: 10 | B23: Ndërrimet e TMRR pas ndërrimit të TR | C23: ='01.07.2026'!E25 -> 0 | D23: ='02.07.2026'!E25 -> 0 | E23: ='03.07.2026'!E25 -> 0 | F23: ='04.07.2026'!E25 -> 0 | H23: ='06.07.2026'!E25 -> 0 | I23: ='07.07.2026'!E25 -> 0 | J23: ='08.07.2026'!E25 -> 0 | K23: ='09.07.2026'!E25 -> 0 | L23: ='10.07.2026'!E25 -> 0 | M23: ='11.07.2026'!E25 -> 0 | O23: ='13.07.2026'!E25 -> 0 | P23: ='14.07.2026'!E25 -> 0 | Q23: ='15.07.2026'!E25 -> 0 | R23: ='16.07.2026'!E25 -> 0 | S23: ='17.07.2026'!E25 -> 0 | T23: ='18.07.2026'!E25 -> 0 | V23: ='20.07.2026'!E25 -> 0 | W23: ='21.07.2026'!E25 -> 0 | X23: ='22.07.2026'!E25 -> 0 | Y23: ='23.07.2026'!E25 -> 0 | Z23: ='24.07.2026'!E25 -> 0 | AA23: ='25.07.2026'!E25 -> 0 | AC23: ='27.07.2026'!E25 -> 0 | AD23: ='28.07.2026'!E25 -> 0 | AE23: ='29.07.2026'!E25 -> 0 | AF23: ='30.07.2026'!E25 -> 0 | AG23: ='31.07.2026'!E25 -> 0 | AI23: =SUM(C23:AF23) -> 0
A24: 11 | B24: Koncentrator | C24: ='01.07.2026'!E26 -> 0 | D24: ='02.07.2026'!E26 -> 1 | E24: ='03.07.2026'!E26 -> 0 | F24: ='04.07.2026'!E26 -> 2 | H24: ='06.07.2026'!E26 -> 1 | I24: ='07.07.2026'!E26 -> 1 | J24: ='08.07.2026'!E26 -> 0 | K24: ='09.07.2026'!E26 -> 0 | L24: ='10.07.2026'!E26 -> 0 | M24: ='11.07.2026'!E26 -> 0 | O24: ='13.07.2026'!E26 -> 0 | P24: ='14.07.2026'!E26 -> 1 | Q24: ='15.07.2026'!E26 -> 0 | R24: ='16.07.2026'!E26 -> 0 | S24: ='17.07.2026'!E26 -> 0 | T24: ='18.07.2026'!E26 -> 0 | V24: ='20.07.2026'!E26 -> 0 | W24: ='21.07.2026'!E26 -> 1 | X24: ='22.07.2026'!E26 -> 1 | Y24: ='23.07.2026'!E26 -> 0 | Z24: ='24.07.2026'!E26 -> 1 | AA24: ='25.07.2026'!E26 -> 0 | AC24: ='27.07.2026'!E26 -> 1 | AD24: ='28.07.2026'!E26 -> 1 | AE24: ='29.07.2026'!E26 -> 0 | AF24: ='30.07.2026'!E26 -> 0 | AG24: ='31.07.2026'!E26 -> 0 | AI24: =SUM(C24:AF24) -> 11
B26: DIREKT
A27: 1 | B27: Lidhje të reja | C27: ='01.07.2026'!E29 -> 0 | D27: ='02.07.2026'!E29 -> 0 | E27: ='03.07.2026'!E29 -> 0 | F27: ='04.07.2026'!E29 -> 0 | H27: ='06.07.2026'!E29 -> 0 | I27: ='07.07.2026'!E29 -> 0 | J27: ='08.07.2026'!E29 -> 0 | K27: ='09.07.2026'!E29 -> 0 | L27: ='10.07.2026'!E29 -> 0 | M27: ='11.07.2026'!E29 -> 0 | O27: ='13.07.2026'!E29 -> 0 | P27: ='14.07.2026'!E29 -> 0 | Q27: ='15.07.2026'!E29 -> 0 | R27: ='16.07.2026'!E29 -> 0 | S27: ='17.07.2026'!E29 -> 0 | T27: ='18.07.2026'!E29 -> 0 | V27: ='20.07.2026'!E29 -> 0 | W27: ='21.07.2026'!E29 -> 0 | X27: ='22.07.2026'!E29 -> 0 | Y27: ='23.07.2026'!E29 -> 0 | Z27: ='24.07.2026'!E29 -> 0 | AA27: ='25.07.2026'!E29 -> 0 | AC27: ='27.07.2026'!E29 -> 0 | AD27: ='28.07.2026'!E29 -> 0 | AE27: ='29.07.2026'!E29 -> 0 | AF27: ='30.07.2026'!E29 -> 0 | AG27: ='31.07.2026'!E29 -> 0 | AI27: =SUM(C27:AF27) -> 0
A28: 2 | B28: Ndërrime | C28: ='01.07.2026'!E30 -> 0 | D28: ='02.07.2026'!E30 -> 0 | E28: ='03.07.2026'!E30 -> 0 | F28: ='04.07.2026'!E30 -> 0 | H28: ='06.07.2026'!E30 -> 0 | I28: ='07.07.2026'!E30 -> 0 | J28: ='08.07.2026'!E30 -> 0 | K28: ='09.07.2026'!E30 -> 0 | L28: ='10.07.2026'!E30 -> 1 | M28: ='11.07.2026'!E30 -> 0 | O28: ='13.07.2026'!E30 -> 0 | P28: ='14.07.2026'!E30 -> 0 | Q28: ='15.07.2026'!E30 -> 0 | R28: ='16.07.2026'!E30 -> 0 | S28: ='17.07.2026'!E30 -> 0 | T28: ='18.07.2026'!E30 -> 0 | V28: ='20.07.2026'!E30 -> 0 | W28: ='21.07.2026'!E30 -> 0 | X28: ='22.07.2026'!E30 -> 0 | Y28: ='23.07.2026'!E30 -> 0 | Z28: ='24.07.2026'!E30 -> 0 | AA28: ='25.07.2026'!E30 -> 0 | AC28: ='27.07.2026'!E30 -> 0 | AD28: ='28.07.2026'!E30 -> 0 | AE28: ='29.07.2026'!E30 -> 0 | AF28: ='30.07.2026'!E30 -> 0 | AG28: ='31.07.2026'!E30 -> 0 | AI28: =SUM(C28:AF28) -> 1
A29: 3 | B29: PLC | C29: ='01.07.2026'!E31 -> 0 | D29: ='02.07.2026'!E31 -> 0 | E29: ='03.07.2026'!E31 -> 0 | F29: ='04.07.2026'!E31 -> 0 | H29: ='06.07.2026'!E31 -> 0 | I29: ='07.07.2026'!E31 -> 1 | J29: ='08.07.2026'!E31 -> 0 | K29: ='09.07.2026'!E31 -> 0 | L29: ='10.07.2026'!E31 -> 0 | M29: ='11.07.2026'!E31 -> 0 | O29: ='13.07.2026'!E31 -> 0 | P29: ='14.07.2026'!E31 -> 0 | Q29: ='15.07.2026'!E31 -> 0 | R29: ='16.07.2026'!E31 -> 0 | S29: ='17.07.2026'!E31 -> 0 | T29: ='18.07.2026'!E31 -> 0 | V29: ='20.07.2026'!E31 -> 0 | W29: ='21.07.2026'!E31 -> 0 | X29: ='22.07.2026'!E31 -> 0 | Y29: ='23.07.2026'!E31 -> 0 | Z29: ='24.07.2026'!E31 -> 0 | AA29: ='25.07.2026'!E31 -> 0 | AC29: ='27.07.2026'!E31 -> 0 | AD29: ='28.07.2026'!E31 -> 0 | AE29: ='29.07.2026'!E31 -> 0 | AF29: ='30.07.2026'!E31 -> 0 | AG29: ='31.07.2026'!E31 -> 0 | AI29: =SUM(C29:AF29) -> 1
A30: 4 | B30: Kontrollim me ZERA | C30: ='01.07.2026'!E32 -> 0 | D30: ='02.07.2026'!E32 -> 0 | E30: ='03.07.2026'!E32 -> 0 | F30: ='04.07.2026'!E32 -> 0 | H30: ='06.07.2026'!E32 -> 0 | I30: ='07.07.2026'!E32 -> 0 | J30: ='08.07.2026'!E32 -> 0 | K30: ='09.07.2026'!E32 -> 0 | L30: ='10.07.2026'!E32 -> 0 | M30: ='11.07.2026'!E32 -> 0 | O30: ='13.07.2026'!E32 -> 0 | P30: ='14.07.2026'!E32 -> 0 | Q30: ='15.07.2026'!E32 -> 0 | R30: ='16.07.2026'!E32 -> 0 | S30: ='17.07.2026'!E32 -> 0 | T30: ='18.07.2026'!E32 -> 0 | V30: ='20.07.2026'!E32 -> 0 | W30: ='21.07.2026'!E32 -> 0 | X30: ='22.07.2026'!E32 -> 0 | Y30: ='23.07.2026'!E32 -> 0 | Z30: ='24.07.2026'!E32 -> 0 | AA30: ='25.07.2026'!E32 -> 0 | AC30: ='27.07.2026'!E32 -> 0 | AD30: ='28.07.2026'!E32 -> 0 | AE30: ='29.07.2026'!E32 -> 0 | AF30: ='30.07.2026'!E32 -> 0 | AG30: ='31.07.2026'!E32 -> 0 | AI30: =SUM(C30:AF30) -> 0
A31: 5 | B31: Rregullim komunikimit dhe tjera | C31: ='01.07.2026'!E33 -> 1 | D31: ='02.07.2026'!E33 -> 2 | E31: ='03.07.2026'!E33 -> 1 | F31: ='04.07.2026'!E33 -> 0 | H31: ='06.07.2026'!E33 -> 2 | I31: ='07.07.2026'!E33 -> 2 | J31: ='08.07.2026'!E33 -> 0 | K31: ='09.07.2026'!E33 -> 0 | L31: ='10.07.2026'!E33 -> 0 | M31: ='11.07.2026'!E33 -> 0 | O31: ='13.07.2026'!E33 -> 2 | P31: ='14.07.2026'!E33 -> 0 | Q31: ='15.07.2026'!E33 -> 1 | R31: ='16.07.2026'!E33 -> 1 | S31: ='17.07.2026'!E33 -> 5 | T31: ='18.07.2026'!E33 -> 0 | V31: ='20.07.2026'!E33 -> 8 | W31: ='21.07.2026'!E33 -> 0 | X31: ='22.07.2026'!E33 -> 2 | Y31: ='23.07.2026'!E33 -> 1 | Z31: ='24.07.2026'!E33 -> 0 | AA31: ='25.07.2026'!E33 -> 0 | AC31: ='27.07.2026'!E33 -> 0 | AD31: ='28.07.2026'!E33 -> 0 | AE31: ='29.07.2026'!E33 -> 1 | AF31: ='30.07.2026'!E33 -> 2 | AG31: ='31.07.2026'!E33 -> 3 | AI31: =SUM(C31:AF31) -> 31

Sheet DPZ
A1: DPZ - RAPORT MUJOR - QERSHOR 2026
A2: NR | B2: KOMERCIAL | C2: 1 | D2: 2 | E2: 3 | F2: 4 | G2: 5 | H2: 6 | I2: 7 | J2: 8 | K2: 9 | L2: 10 | M2: 11 | N2: 12 | O2: 13 | P2: 14 | Q2: 15 | R2: 16 | S2: 17 | T2: 18 | U2: 19 | V2: 20 | W2: 21 | X2: 22 | Y2: 23 | Z2: 24 | AA2: 25 | AB2: 26 | AC2: 27 | AD2: 28 | AE2: 29 | AF2: 30 | AG2: 31 | AI2: Totali
A3: 1 | B3: Kontrollimi periodik i GM | C3: ='01.07.2026'!F5 -> 0 | D3: ='02.07.2026'!F5 -> 0 | E3: ='03.07.2026'!F5 -> 3 | F3: ='04.07.2026'!F5 -> 7 | H3: ='06.07.2026'!F5 -> 13 | I3: ='07.07.2026'!F5 -> 17 | J3: ='08.07.2026'!F5 -> 12 | K3: ='09.07.2026'!F5 -> 13 | L3: ='10.07.2026'!F5 -> 7 | M3: ='11.07.2026'!F5 -> 0 | O3: ='13.07.2026'!F5 -> 0 | P3: ='14.07.2026'!F5 -> 1 | Q3: ='15.07.2026'!F5 -> 1 | R3: ='16.07.2026'!F5 -> 0 | S3: ='17.07.2026'!F5 -> 3 | T3: ='18.07.2026'!F5 -> 0 | V3: ='20.07.2026'!F5 -> 4 | W3: ='21.07.2026'!F5 -> 0 | X3: ='22.07.2026'!F5 -> 2 | Y3: ='23.07.2026'!F5 -> 2 | Z3: ='24.07.2026'!F5 -> 0 | AA3: ='25.07.2026'!F5 -> 0 | AC3: ='27.07.2026'!F5 -> 0 | AD3: ='28.07.2026'!F5 -> 0 | AE3: ='29.07.2026'!F5 -> 0 | AF3: ='30.07.2026'!F5 -> 0 | AG3: ='31.07.2026'!F5 -> 0 | AI3: =SUM(C3:AF3) -> 85
A4: 2 | B4: Kontrollimi sipas DV i GM | C4: ='01.07.2026'!F6 -> 0 | D4: ='02.07.2026'!F6 -> 0 | E4: ='03.07.2026'!F6 -> 0 | F4: ='04.07.2026'!F6 -> 0 | H4: ='06.07.2026'!F6 -> 0 | I4: ='07.07.2026'!F6 -> 0 | J4: ='08.07.2026'!F6 -> 0 | K4: ='09.07.2026'!F6 -> 0 | L4: ='10.07.2026'!F6 -> 0 | M4: ='11.07.2026'!F6 -> 0 | O4: ='13.07.2026'!F6 -> 0 | P4: ='14.07.2026'!F6 -> 0 | Q4: ='15.07.2026'!F6 -> 0 | R4: ='16.07.2026'!F6 -> 0 | S4: ='17.07.2026'!F6 -> 0 | T4: ='18.07.2026'!F6 -> 0 | V4: ='20.07.2026'!F6 -> 0 | W4: ='21.07.2026'!F6 -> 0 | X4: ='22.07.2026'!F6 -> 0 | Y4: ='23.07.2026'!F6 -> 0 | Z4: ='24.07.2026'!F6 -> 0 | AA4: ='25.07.2026'!F6 -> 0 | AC4: ='27.07.2026'!F6 -> 0 | AD4: ='28.07.2026'!F6 -> 0 | AE4: ='29.07.2026'!F6 -> 0 | AF4: ='30.07.2026'!F6 -> 0 | AG4: ='31.07.2026'!F6 -> 0 | AI4: =SUM(C4:AF4) -> 0
A5: 3 | B5: Ndërrimi i TMRR-ve | C5: ='01.07.2026'!F7 -> 0 | D5: ='02.07.2026'!F7 -> 0 | E5: ='03.07.2026'!F7 -> 0 | F5: ='04.07.2026'!F7 -> 0 | H5: ='06.07.2026'!F7 -> 0 | I5: ='07.07.2026'!F7 -> 0 | J5: ='08.07.2026'!F7 -> 0 | K5: ='09.07.2026'!F7 -> 0 | L5: ='10.07.2026'!F7 -> 0 | M5: ='11.07.2026'!F7 -> 0 | O5: ='13.07.2026'!F7 -> 0 | P5: ='14.07.2026'!F7 -> 0 | Q5: ='15.07.2026'!F7 -> 0 | R5: ='16.07.2026'!F7 -> 0 | S5: ='17.07.2026'!F7 -> 0 | T5: ='18.07.2026'!F7 -> 0 | V5: ='20.07.2026'!F7 -> 0 | W5: ='21.07.2026'!F7 -> 0 | X5: ='22.07.2026'!F7 -> 0 | Y5: ='23.07.2026'!F7 -> 0 | Z5: ='24.07.2026'!F7 -> 0 | AA5: ='25.07.2026'!F7 -> 0 | AC5: ='27.07.2026'!F7 -> 0 | AD5: ='28.07.2026'!F7 -> 0 | AE5: ='29.07.2026'!F7 -> 0 | AF5: ='30.07.2026'!F7 -> 0 | AG5: ='31.07.2026'!F7 -> 0 | AI5: =SUM(C5:AF5) -> 0
A6: 4 | B6: Ndërrimi i njehsorit | C6: ='01.07.2026'!F8 -> 0 | D6: ='02.07.2026'!F8 -> 0 | E6: ='03.07.2026'!F8 -> 0 | F6: ='04.07.2026'!F8 -> 0 | H6: ='06.07.2026'!F8 -> 0 | I6: ='07.07.2026'!F8 -> 0 | J6: ='08.07.2026'!F8 -> 0 | K6: ='09.07.2026'!F8 -> 0 | L6: ='10.07.2026'!F8 -> 0 | M6: ='11.07.2026'!F8 -> 0 | O6: ='13.07.2026'!F8 -> 0 | P6: ='14.07.2026'!F8 -> 0 | Q6: ='15.07.2026'!F8 -> 0 | R6: ='16.07.2026'!F8 -> 0 | S6: ='17.07.2026'!F8 -> 0 | T6: ='18.07.2026'!F8 -> 0 | V6: ='20.07.2026'!F8 -> 0 | W6: ='21.07.2026'!F8 -> 0 | X6: ='22.07.2026'!F8 -> 0 | Y6: ='23.07.2026'!F8 -> 0 | Z6: ='24.07.2026'!F8 -> 0 | AA6: ='25.07.2026'!F8 -> 0 | AC6: ='27.07.2026'!F8 -> 0 | AD6: ='28.07.2026'!F8 -> 0 | AE6: ='29.07.2026'!F8 -> 0 | AF6: ='30.07.2026'!F8 -> 0 | AG6: ='31.07.2026'!F8 -> 0 | AI6: =SUM(C6:AF6) -> 0
A7: 5 | B7: Montimet e GM me PEE | C7: ='01.07.2026'!F9 -> 0 | D7: ='02.07.2026'!F9 -> 0 | E7: ='03.07.2026'!F9 -> 0 | F7: ='04.07.2026'!F9 -> 0 | H7: ='06.07.2026'!F9 -> 0 | I7: ='07.07.2026'!F9 -> 0 | J7: ='08.07.2026'!F9 -> 0 | K7: ='09.07.2026'!F9 -> 1 | L7: ='10.07.2026'!F9 -> 0 | M7: ='11.07.2026'!F9 -> 0 | O7: ='13.07.2026'!F9 -> 0 | P7: ='14.07.2026'!F9 -> 0 | Q7: ='15.07.2026'!F9 -> 0 | R7: ='16.07.2026'!F9 -> 0 | S7: ='17.07.2026'!F9 -> 2 | T7: ='18.07.2026'!F9 -> 0 | V7: ='20.07.2026'!F9 -> 0 | W7: ='21.07.2026'!F9 -> 0 | X7: ='22.07.2026'!F9 -> 0 | Y7: ='23.07.2026'!F9 -> 0 | Z7: ='24.07.2026'!F9 -> 0 | AA7: ='25.07.2026'!F9 -> 0 | AC7: ='27.07.2026'!F9 -> 0 | AD7: ='28.07.2026'!F9 -> 0 | AE7: ='29.07.2026'!F9 -> 0 | AF7: ='30.07.2026'!F9 -> 0 | AG7: ='31.07.2026'!F9 -> 0 | AI7: =SUM(C7:AF7) -> 3
A8: 6 | B8: Kontrollime me kërkesë të konsumatorit | C8: ='01.07.2026'!F10 -> 0 | D8: ='02.07.2026'!F10 -> 0 | E8: ='03.07.2026'!F10 -> 0 | F8: ='04.07.2026'!F10 -> 0 | H8: ='06.07.2026'!F10 -> 0 | I8: ='07.07.2026'!F10 -> 0 | J8: ='08.07.2026'!F10 -> 0 | K8: ='09.07.2026'!F10 -> 0 | L8: ='10.07.2026'!F10 -> 0 | M8: ='11.07.2026'!F10 -> 0 | O8: ='13.07.2026'!F10 -> 0 | P8: ='14.07.2026'!F10 -> 0 | Q8: ='15.07.2026'!F10 -> 0 | R8: ='16.07.2026'!F10 -> 0 | S8: ='17.07.2026'!F10 -> 0 | T8: ='18.07.2026'!F10 -> 0 | V8: ='20.07.2026'!F10 -> 0 | W8: ='21.07.2026'!F10 -> 0 | X8: ='22.07.2026'!F10 -> 0 | Y8: ='23.07.2026'!F10 -> 0 | Z8: ='24.07.2026'!F10 -> 0 | AA8: ='25.07.2026'!F10 -> 0 | AC8: ='27.07.2026'!F10 -> 0 | AD8: ='28.07.2026'!F10 -> 0 | AE8: ='29.07.2026'!F10 -> 0 | AF8: ='30.07.2026'!F10 -> 0 | AG8: ='31.07.2026'!F10 -> 0 | AI8: =SUM(C8:AF8) -> 0
A9: 7 | B9: Rregullimi i lidhjes | C9: ='01.07.2026'!F11 -> 0 | D9: ='02.07.2026'!F11 -> 0 | E9: ='03.07.2026'!F11 -> 0 | F9: ='04.07.2026'!F11 -> 0 | H9: ='06.07.2026'!F11 -> 0 | I9: ='07.07.2026'!F11 -> 0 | J9: ='08.07.2026'!F11 -> 0 | K9: ='09.07.2026'!F11 -> 0 | L9: ='10.07.2026'!F11 -> 0 | M9: ='11.07.2026'!F11 -> 0 | O9: ='13.07.2026'!F11 -> 0 | P9: ='14.07.2026'!F11 -> 0 | Q9: ='15.07.2026'!F11 -> 0 | R9: ='16.07.2026'!F11 -> 0 | S9: ='17.07.2026'!F11 -> 0 | T9: ='18.07.2026'!F11 -> 0 | V9: ='20.07.2026'!F11 -> 0 | W9: ='21.07.2026'!F11 -> 0 | X9: ='22.07.2026'!F11 -> 0 | Y9: ='23.07.2026'!F11 -> 0 | Z9: ='24.07.2026'!F11 -> 0 | AA9: ='25.07.2026'!F11 -> 0 | AC9: ='27.07.2026'!F11 -> 0 | AD9: ='28.07.2026'!F11 -> 0 | AE9: ='29.07.2026'!F11 -> 0 | AF9: ='30.07.2026'!F11 -> 0 | AG9: ='31.07.2026'!F11 -> 0 | AI9: =SUM(C9:AF9) -> 0
A10: 8 | B10: Rregullim i komunikimit | C10: ='01.07.2026'!F12 -> 9 | D10: ='02.07.2026'!F12 -> 4 | E10: ='03.07.2026'!F12 -> 0 | F10: ='04.07.2026'!F12 -> 0 | H10: ='06.07.2026'!F12 -> 0 | I10: ='07.07.2026'!F12 -> 0 | J10: ='08.07.2026'!F12 -> 0 | K10: ='09.07.2026'!F12 -> 0 | L10: ='10.07.2026'!F12 -> 0 | M10: ='11.07.2026'!F12 -> 0 | O10: ='13.07.2026'!F12 -> 0 | P10: ='14.07.2026'!F12 -> 0 | Q10: ='15.07.2026'!F12 -> 0 | R10: ='16.07.2026'!F12 -> 0 | S10: ='17.07.2026'!F12 -> 0 | T10: ='18.07.2026'!F12 -> 0 | V10: ='20.07.2026'!F12 -> 0 | W10: ='21.07.2026'!F12 -> 0 | X10: ='22.07.2026'!F12 -> 0 | Y10: ='23.07.2026'!F12 -> 0 | Z10: ='24.07.2026'!F12 -> 0 | AA10: ='25.07.2026'!F12 -> 0 | AC10: ='27.07.2026'!F12 -> 0 | AD10: ='28.07.2026'!F12 -> 0 | AE10: ='29.07.2026'!F12 -> 0 | AF10: ='30.07.2026'!F12 -> 0 | AG10: ='31.07.2026'!F12 -> 0 | AI10: =SUM(C10:AF10) -> 13
A11: 9 | B11: Lexim | C11: ='01.07.2026'!F13 -> 1 | D11: ='02.07.2026'!F13 -> 3 | E11: ='03.07.2026'!F13 -> 0 | F11: ='04.07.2026'!F13 -> 0 | H11: ='06.07.2026'!F13 -> 0 | I11: ='07.07.2026'!F13 -> 0 | J11: ='08.07.2026'!F13 -> 0 | K11: ='09.07.2026'!F13 -> 0 | L11: ='10.07.2026'!F13 -> 0 | M11: ='11.07.2026'!F13 -> 0 | O11: ='13.07.2026'!F13 -> 0 | P11: ='14.07.2026'!F13 -> 0 | Q11: ='15.07.2026'!F13 -> 0 | R11: ='16.07.2026'!F13 -> 0 | S11: ='17.07.2026'!F13 -> 0 | T11: ='18.07.2026'!F13 -> 0 | V11: ='20.07.2026'!F13 -> 0 | W11: ='21.07.2026'!F13 -> 0 | X11: ='22.07.2026'!F13 -> 0 | Y11: ='23.07.2026'!F13 -> 0 | Z11: ='24.07.2026'!F13 -> 0 | AA11: ='25.07.2026'!F13 -> 0 | AC11: ='27.07.2026'!F13 -> 0 | AD11: ='28.07.2026'!F13 -> 0 | AE11: ='29.07.2026'!F13 -> 0 | AF11: ='30.07.2026'!F13 -> 0 | AG11: ='31.07.2026'!F13 -> 0 | AI11: =SUM(C11:AF11) -> 4
B13: TRAFOREGJIONE
A14: 1 | B14: Kontrollimi i GM | C14: ='01.07.2026'!F16 -> 0 | D14: ='02.07.2026'!F16 -> 0 | E14: ='03.07.2026'!F16 -> 2 | F14: ='04.07.2026'!F16 -> 5 | H14: ='06.07.2026'!F16 -> 4 | I14: ='07.07.2026'!F16 -> 2 | J14: ='08.07.2026'!F16 -> 2 | K14: ='09.07.2026'!F16 -> 5 | L14: ='10.07.2026'!F16 -> 7 | M14: ='11.07.2026'!F16 -> 0 | O14: ='13.07.2026'!F16 -> 10 | P14: ='14.07.2026'!F16 -> 10 | Q14: ='15.07.2026'!F16 -> 5 | R14: ='16.07.2026'!F16 -> 13 | S14: ='17.07.2026'!F16 -> 5 | T14: ='18.07.2026'!F16 -> 0 | V14: ='20.07.2026'!F16 -> 2 | W14: ='21.07.2026'!F16 -> 0 | X14: ='22.07.2026'!F16 -> 5 | Y14: ='23.07.2026'!F16 -> 6 | Z14: ='24.07.2026'!F16 -> 1 | AA14: ='25.07.2026'!F16 -> 0 | AC14: ='27.07.2026'!F16 -> 2 | AD14: ='28.07.2026'!F16 -> 2 | AE14: ='29.07.2026'!F16 -> 1 | AF14: ='30.07.2026'!F16 -> 0 | AG14: ='31.07.2026'!F16 -> 0 | AI14: =SUM(C14:AF14) -> 89
A15: 2 | B15: Nderrimi i TMRR-ve | C15: ='01.07.2026'!F17 -> 0 | D15: ='02.07.2026'!F17 -> 0 | E15: ='03.07.2026'!F17 -> 0 | F15: ='04.07.2026'!F17 -> 0 | H15: ='06.07.2026'!F17 -> 0 | I15: ='07.07.2026'!F17 -> 0 | J15: ='08.07.2026'!F17 -> 1 | K15: ='09.07.2026'!F17 -> 0 | L15: ='10.07.2026'!F17 -> 0 | M15: ='11.07.2026'!F17 -> 0 | O15: ='13.07.2026'!F17 -> 0 | P15: ='14.07.2026'!F17 -> 0 | Q15: ='15.07.2026'!F17 -> 0 | R15: ='16.07.2026'!F17 -> 0 | S15: ='17.07.2026'!F17 -> 0 | T15: ='18.07.2026'!F17 -> 0 | V15: ='20.07.2026'!F17 -> 0 | W15: ='21.07.2026'!F17 -> 0 | X15: ='22.07.2026'!F17 -> 0 | Y15: ='23.07.2026'!F17 -> 0 | Z15: ='24.07.2026'!F17 -> 0 | AA15: ='25.07.2026'!F17 -> 0 | AC15: ='27.07.2026'!F17 -> 0 | AD15: ='28.07.2026'!F17 -> 0 | AE15: ='29.07.2026'!F17 -> 0 | AF15: ='30.07.2026'!F17 -> 0 | AG15: ='31.07.2026'!F17 -> 0 | AI15: =SUM(C15:AF15) -> 1
A16: 3 | B16: Ndrrimet i njehsorit | C16: ='01.07.2026'!F18 -> 0 | D16: ='02.07.2026'!F18 -> 0 | E16: ='03.07.2026'!F18 -> 0 | F16: ='04.07.2026'!F18 -> 0 | H16: ='06.07.2026'!F18 -> 0 | I16: ='07.07.2026'!F18 -> 0 | J16: ='08.07.2026'!F18 -> 2 | K16: ='09.07.2026'!F18 -> 0 | L16: ='10.07.2026'!F18 -> 0 | M16: ='11.07.2026'!F18 -> 0 | O16: ='13.07.2026'!F18 -> 0 | P16: ='14.07.2026'!F18 -> 0 | Q16: ='15.07.2026'!F18 -> 0 | R16: ='16.07.2026'!F18 -> 0 | S16: ='17.07.2026'!F18 -> 0 | T16: ='18.07.2026'!F18 -> 0 | V16: ='20.07.2026'!F18 -> 0 | W16: ='21.07.2026'!F18 -> 0 | X16: ='22.07.2026'!F18 -> 0 | Y16: ='23.07.2026'!F18 -> 0 | Z16: ='24.07.2026'!F18 -> 0 | AA16: ='25.07.2026'!F18 -> 0 | AC16: ='27.07.2026'!F18 -> 0 | AD16: ='28.07.2026'!F18 -> 0 | AE16: ='29.07.2026'!F18 -> 0 | AF16: ='30.07.2026'!F18 -> 0 | AG16: ='31.07.2026'!F18 -> 0 | AI16: =SUM(C16:AF16) -> 2
A17: 4 | B17: Montimet e GM | C17: ='01.07.2026'!F19 -> 0 | D17: ='02.07.2026'!F19 -> 0 | E17: ='03.07.2026'!F19 -> 0 | F17: ='04.07.2026'!F19 -> 0 | H17: ='06.07.2026'!F19 -> 0 | I17: ='07.07.2026'!F19 -> 0 | J17: ='08.07.2026'!F19 -> 0 | K17: ='09.07.2026'!F19 -> 1 | L17: ='10.07.2026'!F19 -> 0 | M17: ='11.07.2026'!F19 -> 0 | O17: ='13.07.2026'!F19 -> 0 | P17: ='14.07.2026'!F19 -> 0 | Q17: ='15.07.2026'!F19 -> 0 | R17: ='16.07.2026'!F19 -> 0 | S17: ='17.07.2026'!F19 -> 1 | T17: ='18.07.2026'!F19 -> 0 | V17: ='20.07.2026'!F19 -> 0 | W17: ='21.07.2026'!F19 -> 0 | X17: ='22.07.2026'!F19 -> 0 | Y17: ='23.07.2026'!F19 -> 0 | Z17: ='24.07.2026'!F19 -> 0 | AA17: ='25.07.2026'!F19 -> 0 | AC17: ='27.07.2026'!F19 -> 0 | AD17: ='28.07.2026'!F19 -> 0 | AE17: ='29.07.2026'!F19 -> 0 | AF17: ='30.07.2026'!F19 -> 0 | AG17: ='31.07.2026'!F19 -> 0 | AI17: =SUM(C17:AF17) -> 2
A18: 5 | B18: Rregullimi i lidhjes | C18: ='01.07.2026'!F20 -> 0 | D18: ='02.07.2026'!F20 -> 0 | E18: ='03.07.2026'!F20 -> 0 | F18: ='04.07.2026'!F20 -> 0 | H18: ='06.07.2026'!F20 -> 0 | I18: ='07.07.2026'!F20 -> 0 | J18: ='08.07.2026'!F20 -> 0 | K18: ='09.07.2026'!F20 -> 0 | L18: ='10.07.2026'!F20 -> 0 | M18: ='11.07.2026'!F20 -> 0 | O18: ='13.07.2026'!F20 -> 0 | P18: ='14.07.2026'!F20 -> 0 | Q18: ='15.07.2026'!F20 -> 1 | R18: ='16.07.2026'!F20 -> 1 | S18: ='17.07.2026'!F20 -> 0 | T18: ='18.07.2026'!F20 -> 0 | V18: ='20.07.2026'!F20 -> 0 | W18: ='21.07.2026'!F20 -> 0 | X18: ='22.07.2026'!F20 -> 1 | Y18: ='23.07.2026'!F20 -> 0 | Z18: ='24.07.2026'!F20 -> 0 | AA18: ='25.07.2026'!F20 -> 0 | AC18: ='27.07.2026'!F20 -> 0 | AD18: ='28.07.2026'!F20 -> 0 | AE18: ='29.07.2026'!F20 -> 0 | AF18: ='30.07.2026'!F20 -> 0 | AG18: ='31.07.2026'!F20 -> 0 | AI18: =SUM(C18:AF18) -> 3
A19: 6 | B19: Rregullim i fazimit, antenës, etj | C19: ='01.07.2026'!F21 -> 0 | D19: ='02.07.2026'!F21 -> 0 | E19: ='03.07.2026'!F21 -> 0 | F19: ='04.07.2026'!F21 -> 0 | H19: ='06.07.2026'!F21 -> 0 | I19: ='07.07.2026'!F21 -> 0 | J19: ='08.07.2026'!F21 -> 0 | K19: ='09.07.2026'!F21 -> 0 | L19: ='10.07.2026'!F21 -> 0 | M19: ='11.07.2026'!F21 -> 0 | O19: ='13.07.2026'!F21 -> 0 | P19: ='14.07.2026'!F21 -> 0 | Q19: ='15.07.2026'!F21 -> 0 | R19: ='16.07.2026'!F21 -> 0 | S19: ='17.07.2026'!F21 -> 0 | T19: ='18.07.2026'!F21 -> 0 | V19: ='20.07.2026'!F21 -> 0 | W19: ='21.07.2026'!F21 -> 0 | X19: ='22.07.2026'!F21 -> 1 | Y19: ='23.07.2026'!F21 -> 0 | Z19: ='24.07.2026'!F21 -> 1 | AA19: ='25.07.2026'!F21 -> 0 | AC19: ='27.07.2026'!F21 -> 1 | AD19: ='28.07.2026'!F21 -> 0 | AE19: ='29.07.2026'!F21 -> 3 | AF19: ='30.07.2026'!F21 -> 0 | AG19: ='31.07.2026'!F21 -> 0 | AI19: =SUM(C19:AF19) -> 6
A20: 7 | B20: Mbesin njehsorë të dëmtuar | C20: ='01.07.2026'!F22 -> 0 | D20: ='02.07.2026'!F22 -> 0 | E20: ='03.07.2026'!F22 -> 0 | F20: ='04.07.2026'!F22 -> 0 | H20: ='06.07.2026'!F22 -> 0 | I20: ='07.07.2026'!F22 -> 0 | J20: ='08.07.2026'!F22 -> 0 | K20: ='09.07.2026'!F22 -> 0 | L20: ='10.07.2026'!F22 -> 0 | M20: ='11.07.2026'!F22 -> 0 | O20: ='13.07.2026'!F22 -> 0 | P20: ='14.07.2026'!F22 -> 0 | Q20: ='15.07.2026'!F22 -> 0 | R20: ='16.07.2026'!F22 -> 0 | S20: ='17.07.2026'!F22 -> 0 | T20: ='18.07.2026'!F22 -> 0 | V20: ='20.07.2026'!F22 -> 0 | W20: ='21.07.2026'!F22 -> 0 | X20: ='22.07.2026'!F22 -> 0 | Y20: ='23.07.2026'!F22 -> 0 | Z20: ='24.07.2026'!F22 -> 0 | AA20: ='25.07.2026'!F22 -> 0 | AC20: ='27.07.2026'!F22 -> 0 | AD20: ='28.07.2026'!F22 -> 0 | AE20: ='29.07.2026'!F22 -> 0 | AF20: ='30.07.2026'!F22 -> 0 | AG20: ='31.07.2026'!F22 -> 0 | AI20: =SUM(C20:AF20) -> 0
A21: 8 | B21: Kontrollim sipas humbjeve | C21: ='01.07.2026'!F23 -> 0 | D21: ='02.07.2026'!F23 -> 0 | E21: ='03.07.2026'!F23 -> 0 | F21: ='04.07.2026'!F23 -> 0 | H21: ='06.07.2026'!F23 -> 0 | I21: ='07.07.2026'!F23 -> 0 | J21: ='08.07.2026'!F23 -> 0 | K21: ='09.07.2026'!F23 -> 0 | L21: ='10.07.2026'!F23 -> 0 | M21: ='11.07.2026'!F23 -> 0 | O21: ='13.07.2026'!F23 -> 0 | P21: ='14.07.2026'!F23 -> 0 | Q21: ='15.07.2026'!F23 -> 0 | R21: ='16.07.2026'!F23 -> 0 | S21: ='17.07.2026'!F23 -> 0 | T21: ='18.07.2026'!F23 -> 0 | V21: ='20.07.2026'!F23 -> 0 | W21: ='21.07.2026'!F23 -> 0 | X21: ='22.07.2026'!F23 -> 0 | Y21: ='23.07.2026'!F23 -> 0 | Z21: ='24.07.2026'!F23 -> 0 | AA21: ='25.07.2026'!F23 -> 0 | AC21: ='27.07.2026'!F23 -> 0 | AD21: ='28.07.2026'!F23 -> 0 | AE21: ='29.07.2026'!F23 -> 0 | AF21: ='30.07.2026'!F23 -> 0 | AG21: ='31.07.2026'!F23 -> 0 | AI21: =SUM(C21:AF21) -> 0
A22: 9 | B22: Rregullim pas vendosjes së ormanit të ri | C22: ='01.07.2026'!F24 -> 0 | D22: ='02.07.2026'!F24 -> 0 | E22: ='03.07.2026'!F24 -> 0 | F22: ='04.07.2026'!F24 -> 0 | H22: ='06.07.2026'!F24 -> 0 | I22: ='07.07.2026'!F24 -> 0 | J22: ='08.07.2026'!F24 -> 0 | K22: ='09.07.2026'!F24 -> 0 | L22: ='10.07.2026'!F24 -> 0 | M22: ='11.07.2026'!F24 -> 0 | O22: ='13.07.2026'!F24 -> 0 | P22: ='14.07.2026'!F24 -> 0 | Q22: ='15.07.2026'!F24 -> 0 | R22: ='16.07.2026'!F24 -> 0 | S22: ='17.07.2026'!F24 -> 0 | T22: ='18.07.2026'!F24 -> 0 | V22: ='20.07.2026'!F24 -> 0 | W22: ='21.07.2026'!F24 -> 0 | X22: ='22.07.2026'!F24 -> 0 | Y22: ='23.07.2026'!F24 -> 0 | Z22: ='24.07.2026'!F24 -> 0 | AA22: ='25.07.2026'!F24 -> 0 | AC22: ='27.07.2026'!F24 -> 0 | AD22: ='28.07.2026'!F24 -> 0 | AE22: ='29.07.2026'!F24 -> 0 | AF22: ='30.07.2026'!F24 -> 0 | AG22: ='31.07.2026'!F24 -> 0 | AI22: =SUM(C22:AF22) -> 0
A23: 10 | B23: Ndërrimet e TMRR pas ndërrimit të TR | C23: ='01.07.2026'!F25 -> 0 | D23: ='02.07.2026'!F25 -> 0 | E23: ='03.07.2026'!F25 -> 0 | F23: ='04.07.2026'!F25 -> 0 | H23: ='06.07.2026'!F25 -> 0 | I23: ='07.07.2026'!F25 -> 0 | J23: ='08.07.2026'!F25 -> 0 | K23: ='09.07.2026'!F25 -> 0 | L23: ='10.07.2026'!F25 -> 0 | M23: ='11.07.2026'!F25 -> 0 | O23: ='13.07.2026'!F25 -> 0 | P23: ='14.07.2026'!F25 -> 0 | Q23: ='15.07.2026'!F25 -> 0 | R23: ='16.07.2026'!F25 -> 0 | S23: ='17.07.2026'!F25 -> 0 | T23: ='18.07.2026'!F25 -> 0 | V23: ='20.07.2026'!F25 -> 0 | W23: ='21.07.2026'!F25 -> 0 | X23: ='22.07.2026'!F25 -> 0 | Y23: ='23.07.2026'!F25 -> 0 | Z23: ='24.07.2026'!F25 -> 0 | AA23: ='25.07.2026'!F25 -> 0 | AC23: ='27.07.2026'!F25 -> 0 | AD23: ='28.07.2026'!F25 -> 0 | AE23: ='29.07.2026'!F25 -> 0 | AF23: ='30.07.2026'!F25 -> 0 | AG23: ='31.07.2026'!F25 -> 0 | AI23: =SUM(C23:AF23) -> 0
A24: 11 | B24: Koncentrator | C24: ='01.07.2026'!F26 -> 0 | D24: ='02.07.2026'!F26 -> 0 | E24: ='03.07.2026'!F26 -> 0 | F24: ='04.07.2026'!F26 -> 0 | H24: ='06.07.2026'!F26 -> 0 | I24: ='07.07.2026'!F26 -> 0 | J24: ='08.07.2026'!F26 -> 0 | K24: ='09.07.2026'!F26 -> 0 | L24: ='10.07.2026'!F26 -> 0 | M24: ='11.07.2026'!F26 -> 0 | O24: ='13.07.2026'!F26 -> 0 | P24: ='14.07.2026'!F26 -> 0 | Q24: ='15.07.2026'!F26 -> 1 | R24: ='16.07.2026'!F26 -> 0 | S24: ='17.07.2026'!F26 -> 0 | T24: ='18.07.2026'!F26 -> 0 | V24: ='20.07.2026'!F26 -> 0 | W24: ='21.07.2026'!F26 -> 0 | X24: ='22.07.2026'!F26 -> 0 | Y24: ='23.07.2026'!F26 -> 1 | Z24: ='24.07.2026'!F26 -> 0 | AA24: ='25.07.2026'!F26 -> 1 | AC24: ='27.07.2026'!F26 -> 0 | AD24: ='28.07.2026'!F26 -> 0 | AE24: ='29.07.2026'!F26 -> 1 | AF24: ='30.07.2026'!F26 -> 0 | AG24: ='31.07.2026'!F26 -> 0 | AI24: =SUM(C24:AF24) -> 4
B26: DIREKT
A27: 1 | B27: Lidhje të reja | C27: ='01.07.2026'!F29 -> 0 | D27: ='02.07.2026'!F29 -> 0 | E27: ='03.07.2026'!F29 -> 0 | F27: ='04.07.2026'!F29 -> 0 | H27: ='06.07.2026'!F29 -> 0 | I27: ='07.07.2026'!F29 -> 0 | J27: ='08.07.2026'!F29 -> 0 | K27: ='09.07.2026'!F29 -> 0 | L27: ='10.07.2026'!F29 -> 0 | M27: ='11.07.2026'!F29 -> 0 | O27: ='13.07.2026'!F29 -> 0 | P27: ='14.07.2026'!F29 -> 0 | Q27: ='15.07.2026'!F29 -> 0 | R27: ='16.07.2026'!F29 -> 0 | S27: ='17.07.2026'!F29 -> 1 | T27: ='18.07.2026'!F29 -> 0 | V27: ='20.07.2026'!F29 -> 0 | W27: ='21.07.2026'!F29 -> 0 | X27: ='22.07.2026'!F29 -> 0 | Y27: ='23.07.2026'!F29 -> 0 | Z27: ='24.07.2026'!F29 -> 0 | AA27: ='25.07.2026'!F29 -> 0 | AC27: ='27.07.2026'!F29 -> 0 | AD27: ='28.07.2026'!F29 -> 0 | AE27: ='29.07.2026'!F29 -> 0 | AF27: ='30.07.2026'!F29 -> 0 | AG27: ='31.07.2026'!F29 -> 0 | AI27: =SUM(C27:AF27) -> 1
A28: 2 | B28: Ndërrime | C28: ='01.07.2026'!F30 -> 0 | D28: ='02.07.2026'!F30 -> 0 | E28: ='03.07.2026'!F30 -> 0 | F28: ='04.07.2026'!F30 -> 0 | H28: ='06.07.2026'!F30 -> 0 | I28: ='07.07.2026'!F30 -> 0 | J28: ='08.07.2026'!F30 -> 0 | K28: ='09.07.2026'!F30 -> 0 | L28: ='10.07.2026'!F30 -> 0 | M28: ='11.07.2026'!F30 -> 0 | O28: ='13.07.2026'!F30 -> 0 | P28: ='14.07.2026'!F30 -> 0 | Q28: ='15.07.2026'!F30 -> 0 | R28: ='16.07.2026'!F30 -> 0 | S28: ='17.07.2026'!F30 -> 0 | T28: ='18.07.2026'!F30 -> 0 | V28: ='20.07.2026'!F30 -> 0 | W28: ='21.07.2026'!F30 -> 0 | X28: ='22.07.2026'!F30 -> 0 | Y28: ='23.07.2026'!F30 -> 0 | Z28: ='24.07.2026'!F30 -> 0 | AA28: ='25.07.2026'!F30 -> 0 | AC28: ='27.07.2026'!F30 -> 0 | AD28: ='28.07.2026'!F30 -> 0 | AE28: ='29.07.2026'!F30 -> 0 | AF28: ='30.07.2026'!F30 -> 0 | AG28: ='31.07.2026'!F30 -> 3 | AI28: =SUM(C28:AF28) -> 0
A29: 3 | B29: PLC | C29: ='01.07.2026'!F31 -> 0 | D29: ='02.07.2026'!F31 -> 0 | E29: ='03.07.2026'!F31 -> 0 | F29: ='04.07.2026'!F31 -> 0 | H29: ='06.07.2026'!F31 -> 0 | I29: ='07.07.2026'!F31 -> 0 | J29: ='08.07.2026'!F31 -> 0 | K29: ='09.07.2026'!F31 -> 0 | L29: ='10.07.2026'!F31 -> 0 | M29: ='11.07.2026'!F31 -> 12 | O29: ='13.07.2026'!F31 -> 0 | P29: ='14.07.2026'!F31 -> 0 | Q29: ='15.07.2026'!F31 -> 0 | R29: ='16.07.2026'!F31 -> 0 | S29: ='17.07.2026'!F31 -> 0 | T29: ='18.07.2026'!F31 -> 8 | V29: ='20.07.2026'!F31 -> 0 | W29: ='21.07.2026'!F31 -> 0 | X29: ='22.07.2026'!F31 -> 0 | Y29: ='23.07.2026'!F31 -> 0 | Z29: ='24.07.2026'!F31 -> 0 | AA29: ='25.07.2026'!F31 -> 8 | AC29: ='27.07.2026'!F31 -> 0 | AD29: ='28.07.2026'!F31 -> 0 | AE29: ='29.07.2026'!F31 -> 0 | AF29: ='30.07.2026'!F31 -> 0 | AG29: ='31.07.2026'!F31 -> 0 | AI29: =SUM(C29:AF29) -> 28
A30: 4 | B30: Kontrollim me ZERA | C30: ='01.07.2026'!F32 -> 0 | D30: ='02.07.2026'!F32 -> 0 | E30: ='03.07.2026'!F32 -> 0 | F30: ='04.07.2026'!F32 -> 1 | H30: ='06.07.2026'!F32 -> 0 | I30: ='07.07.2026'!F32 -> 0 | J30: ='08.07.2026'!F32 -> 0 | K30: ='09.07.2026'!F32 -> 0 | L30: ='10.07.2026'!F32 -> 0 | M30: ='11.07.2026'!F32 -> 0 | O30: ='13.07.2026'!F32 -> 0 | P30: ='14.07.2026'!F32 -> 0 | Q30: ='15.07.2026'!F32 -> 0 | R30: ='16.07.2026'!F32 -> 0 | S30: ='17.07.2026'!F32 -> 0 | T30: ='18.07.2026'!F32 -> 0 | V30: ='20.07.2026'!F32 -> 0 | W30: ='21.07.2026'!F32 -> 0 | X30: ='22.07.2026'!F32 -> 0 | Y30: ='23.07.2026'!F32 -> 0 | Z30: ='24.07.2026'!F32 -> 0 | AA30: ='25.07.2026'!F32 -> 0 | AC30: ='27.07.2026'!F32 -> 0 | AD30: ='28.07.2026'!F32 -> 3 | AE30: ='29.07.2026'!F32 -> 0 | AF30: ='30.07.2026'!F32 -> 0 | AG30: ='31.07.2026'!F32 -> 0 | AI30: =SUM(C30:AF30) -> 4
A31: 5 | B31: Rregullim komunikimit dhe tjera | C31: ='01.07.2026'!F33 -> 26 | D31: ='02.07.2026'!F33 -> 3 | E31: ='03.07.2026'!F33 -> 0 | F31: ='04.07.2026'!F33 -> 0 | H31: ='06.07.2026'!F33 -> 2 | I31: ='07.07.2026'!F33 -> 1 | J31: ='08.07.2026'!F33 -> 0 | K31: ='09.07.2026'!F33 -> 0 | L31: ='10.07.2026'!F33 -> 1 | M31: ='11.07.2026'!F33 -> 0 | O31: ='13.07.2026'!F33 -> 0 | P31: ='14.07.2026'!F33 -> 0 | Q31: ='15.07.2026'!F33 -> 2 | R31: ='16.07.2026'!F33 -> 0 | S31: ='17.07.2026'!F33 -> 0 | T31: ='18.07.2026'!F33 -> 0 | V31: ='20.07.2026'!F33 -> 6 | W31: ='21.07.2026'!F33 -> 46 | X31: ='22.07.2026'!F33 -> 23 | Y31: ='23.07.2026'!F33 -> 19 | Z31: ='24.07.2026'!F33 -> 33 | AA31: ='25.07.2026'!F33 -> 5 | AC31: ='27.07.2026'!F33 -> 10 | AD31: ='28.07.2026'!F33 -> 10 | AE31: ='29.07.2026'!F33 -> 30 | AF31: ='30.07.2026'!F33 -> 30 | AG31: ='31.07.2026'!F33 -> 5 | AI31: =SUM(C31:AF31) -> 247

Sheet DFE
A1: DFE - RAPORT MUJOR - QERSHOR 2026
A2: NR | B2: KOMERCIAL | C2: 1 | D2: 2 | E2: 3 | F2: 4 | G2: 5 | H2: 6 | I2: 7 | J2: 8 | K2: 9 | L2: 10 | M2: 11 | N2: 12 | O2: 13 | P2: 14 | Q2: 15 | R2: 16 | S2: 17 | T2: 18 | U2: 19 | V2: 20 | W2: 21 | X2: 22 | Y2: 23 | Z2: 24 | AA2: 25 | AB2: 26 | AC2: 27 | AD2: 28 | AE2: 29 | AF2: 30 | AG2: 31 | AI2: Totali
A3: 1 | B3: Kontrollimi periodik i GM | C3: ='01.07.2026'!G5 -> 0 | D3: ='02.07.2026'!G5 -> 0 | E3: ='03.07.2026'!G5 -> 0 | F3: ='04.07.2026'!G5 -> 0 | H3: ='06.07.2026'!G5 -> 0 | I3: ='07.07.2026'!G5 -> 0 | J3: ='08.07.2026'!G5 -> 0 | K3: ='09.07.2026'!G5 -> 0 | L3: ='10.07.2026'!G5 -> 0 | M3: ='11.07.2026'!G5 -> 0 | O3: ='13.07.2026'!G5 -> 0 | P3: ='14.07.2026'!G5 -> 0 | Q3: ='15.07.2026'!G5 -> 0 | R3: ='16.07.2026'!G5 -> 0 | S3: ='17.07.2026'!G5 -> 0 | T3: ='18.07.2026'!G5 -> 0 | V3: ='20.07.2026'!G5 -> 0 | W3: ='21.07.2026'!G5 -> 0 | X3: ='22.07.2026'!G5 -> 0 | Y3: ='23.07.2026'!G5 -> 0 | Z3: ='24.07.2026'!G5 -> 0 | AA3: ='25.07.2026'!G5 -> 0 | AC3: ='27.07.2026'!G5 -> 0 | AD3: ='28.07.2026'!G5 -> 0 | AE3: ='29.07.2026'!G5 -> 0 | AF3: ='30.07.2026'!G5 -> 0 | AG3: ='31.07.2026'!G5 -> 0 | AI3: =SUM(C3:AF3) -> 0
A4: 2 | B4: Kontrollimi sipas DV i GM | C4: ='01.07.2026'!G6 -> 0 | D4: ='02.07.2026'!G6 -> 0 | E4: ='03.07.2026'!G6 -> 0 | F4: ='04.07.2026'!G6 -> 0 | H4: ='06.07.2026'!G6 -> 0 | I4: ='07.07.2026'!G6 -> 0 | J4: ='08.07.2026'!G6 -> 0 | K4: ='09.07.2026'!G6 -> 0 | L4: ='10.07.2026'!G6 -> 0 | M4: ='11.07.2026'!G6 -> 0 | O4: ='13.07.2026'!G6 -> 0 | P4: ='14.07.2026'!G6 -> 0 | Q4: ='15.07.2026'!G6 -> 0 | R4: ='16.07.2026'!G6 -> 0 | S4: ='17.07.2026'!G6 -> 0 | T4: ='18.07.2026'!G6 -> 0 | V4: ='20.07.2026'!G6 -> 0 | W4: ='21.07.2026'!G6 -> 0 | X4: ='22.07.2026'!G6 -> 0 | Y4: ='23.07.2026'!G6 -> 0 | Z4: ='24.07.2026'!G6 -> 0 | AA4: ='25.07.2026'!G6 -> 0 | AC4: ='27.07.2026'!G6 -> 0 | AD4: ='28.07.2026'!G6 -> 0 | AE4: ='29.07.2026'!G6 -> 0 | AF4: ='30.07.2026'!G6 -> 0 | AG4: ='31.07.2026'!G6 -> 0 | AI4: =SUM(C4:AF4) -> 0
A5: 3 | B5: Ndërrimi i TMRR-ve | C5: ='01.07.2026'!G7 -> 0 | D5: ='02.07.2026'!G7 -> 0 | E5: ='03.07.2026'!G7 -> 0 | F5: ='04.07.2026'!G7 -> 0 | H5: ='06.07.2026'!G7 -> 0 | I5: ='07.07.2026'!G7 -> 0 | J5: ='08.07.2026'!G7 -> 0 | K5: ='09.07.2026'!G7 -> 0 | L5: ='10.07.2026'!G7 -> 0 | M5: ='11.07.2026'!G7 -> 0 | O5: ='13.07.2026'!G7 -> 0 | P5: ='14.07.2026'!G7 -> 0 | Q5: ='15.07.2026'!G7 -> 0 | R5: ='16.07.2026'!G7 -> 0 | S5: ='17.07.2026'!G7 -> 0 | T5: ='18.07.2026'!G7 -> 0 | V5: ='20.07.2026'!G7 -> 0 | W5: ='21.07.2026'!G7 -> 0 | X5: ='22.07.2026'!G7 -> 0 | Y5: ='23.07.2026'!G7 -> 0 | Z5: ='24.07.2026'!G7 -> 0 | AA5: ='25.07.2026'!G7 -> 0 | AC5: ='27.07.2026'!G7 -> 0 | AD5: ='28.07.2026'!G7 -> 0 | AE5: ='29.07.2026'!G7 -> 0 | AF5: ='30.07.2026'!G7 -> 0 | AG5: ='31.07.2026'!G7 -> 0 | AI5: =SUM(C5:AF5) -> 0
A6: 4 | B6: Ndërrimi i njehsorit | C6: ='01.07.2026'!G8 -> 0 | D6: ='02.07.2026'!G8 -> 0 | E6: ='03.07.2026'!G8 -> 0 | F6: ='04.07.2026'!G8 -> 0 | H6: ='06.07.2026'!G8 -> 0 | I6: ='07.07.2026'!G8 -> 0 | J6: ='08.07.2026'!G8 -> 0 | K6: ='09.07.2026'!G8 -> 0 | L6: ='10.07.2026'!G8 -> 0 | M6: ='11.07.2026'!G8 -> 0 | O6: ='13.07.2026'!G8 -> 0 | P6: ='14.07.2026'!G8 -> 0 | Q6: ='15.07.2026'!G8 -> 0 | R6: ='16.07.2026'!G8 -> 0 | S6: ='17.07.2026'!G8 -> 0 | T6: ='18.07.2026'!G8 -> 0 | V6: ='20.07.2026'!G8 -> 0 | W6: ='21.07.2026'!G8 -> 0 | X6: ='22.07.2026'!G8 -> 0 | Y6: ='23.07.2026'!G8 -> 0 | Z6: ='24.07.2026'!G8 -> 0 | AA6: ='25.07.2026'!G8 -> 0 | AC6: ='27.07.2026'!G8 -> 0 | AD6: ='28.07.2026'!G8 -> 0 | AE6: ='29.07.2026'!G8 -> 0 | AF6: ='30.07.2026'!G8 -> 0 | AG6: ='31.07.2026'!G8 -> 0 | AI6: =SUM(C6:AF6) -> 0
A7: 5 | B7: Montimet e GM me PEE | C7: ='01.07.2026'!G9 -> 0 | D7: ='02.07.2026'!G9 -> 0 | E7: ='03.07.2026'!G9 -> 0 | F7: ='04.07.2026'!G9 -> 0 | H7: ='06.07.2026'!G9 -> 0 | I7: ='07.07.2026'!G9 -> 0 | J7: ='08.07.2026'!G9 -> 0 | K7: ='09.07.2026'!G9 -> 0 | L7: ='10.07.2026'!G9 -> 0 | M7: ='11.07.2026'!G9 -> 0 | O7: ='13.07.2026'!G9 -> 0 | P7: ='14.07.2026'!G9 -> 0 | Q7: ='15.07.2026'!G9 -> 0 | R7: ='16.07.2026'!G9 -> 0 | S7: ='17.07.2026'!G9 -> 0 | T7: ='18.07.2026'!G9 -> 0 | V7: ='20.07.2026'!G9 -> 0 | W7: ='21.07.2026'!G9 -> 0 | X7: ='22.07.2026'!G9 -> 0 | Y7: ='23.07.2026'!G9 -> 0 | Z7: ='24.07.2026'!G9 -> 0 | AA7: ='25.07.2026'!G9 -> 0 | AC7: ='27.07.2026'!G9 -> 0 | AD7: ='28.07.2026'!G9 -> 0 | AE7: ='29.07.2026'!G9 -> 0 | AF7: ='30.07.2026'!G9 -> 0 | AG7: ='31.07.2026'!G9 -> 0 | AI7: =SUM(C7:AF7) -> 0
A8: 6 | B8: Kontrollime me kërkesë të konsumatorit | C8: ='01.07.2026'!G10 -> 0 | D8: ='02.07.2026'!G10 -> 0 | E8: ='03.07.2026'!G10 -> 0 | F8: ='04.07.2026'!G10 -> 0 | H8: ='06.07.2026'!G10 -> 0 | I8: ='07.07.2026'!G10 -> 0 | J8: ='08.07.2026'!G10 -> 0 | K8: ='09.07.2026'!G10 -> 0 | L8: ='10.07.2026'!G10 -> 0 | M8: ='11.07.2026'!G10 -> 0 | O8: ='13.07.2026'!G10 -> 0 | P8: ='14.07.2026'!G10 -> 0 | Q8: ='15.07.2026'!G10 -> 0 | R8: ='16.07.2026'!G10 -> 0 | S8: ='17.07.2026'!G10 -> 0 | T8: ='18.07.2026'!G10 -> 0 | V8: ='20.07.2026'!G10 -> 0 | W8: ='21.07.2026'!G10 -> 0 | X8: ='22.07.2026'!G10 -> 0 | Y8: ='23.07.2026'!G10 -> 0 | Z8: ='24.07.2026'!G10 -> 0 | AA8: ='25.07.2026'!G10 -> 0 | AC8: ='27.07.2026'!G10 -> 0 | AD8: ='28.07.2026'!G10 -> 0 | AE8: ='29.07.2026'!G10 -> 0 | AF8: ='30.07.2026'!G10 -> 0 | AG8: ='31.07.2026'!G10 -> 0 | AI8: =SUM(C8:AF8) -> 0
A9: 7 | B9: Rregullimi i lidhjes | C9: ='01.07.2026'!G11 -> 0 | D9: ='02.07.2026'!G11 -> 0 | E9: ='03.07.2026'!G11 -> 0 | F9: ='04.07.2026'!G11 -> 0 | H9: ='06.07.2026'!G11 -> 0 | I9: ='07.07.2026'!G11 -> 0 | J9: ='08.07.2026'!G11 -> 0 | K9: ='09.07.2026'!G11 -> 0 | L9: ='10.07.2026'!G11 -> 0 | M9: ='11.07.2026'!G11 -> 0 | O9: ='13.07.2026'!G11 -> 0 | P9: ='14.07.2026'!G11 -> 0 | Q9: ='15.07.2026'!G11 -> 0 | R9: ='16.07.2026'!G11 -> 0 | S9: ='17.07.2026'!G11 -> 0 | T9: ='18.07.2026'!G11 -> 0 | V9: ='20.07.2026'!G11 -> 0 | W9: ='21.07.2026'!G11 -> 0 | X9: ='22.07.2026'!G11 -> 0 | Y9: ='23.07.2026'!G11 -> 0 | Z9: ='24.07.2026'!G11 -> 0 | AA9: ='25.07.2026'!G11 -> 0 | AC9: ='27.07.2026'!G11 -> 0 | AD9: ='28.07.2026'!G11 -> 0 | AE9: ='29.07.2026'!G11 -> 0 | AF9: ='30.07.2026'!G11 -> 0 | AG9: ='31.07.2026'!G11 -> 0 | AI9: =SUM(C9:AF9) -> 0
A10: 8 | B10: Rregullim i komunikimit | C10: ='01.07.2026'!G12 -> 0 | D10: ='02.07.2026'!G12 -> 0 | E10: ='03.07.2026'!G12 -> 0 | F10: ='04.07.2026'!G12 -> 0 | H10: ='06.07.2026'!G12 -> 0 | I10: ='07.07.2026'!G12 -> 0 | J10: ='08.07.2026'!G12 -> 0 | K10: ='09.07.2026'!G12 -> 0 | L10: ='10.07.2026'!G12 -> 0 | M10: ='11.07.2026'!G12 -> 0 | O10: ='13.07.2026'!G12 -> 0 | P10: ='14.07.2026'!G12 -> 0 | Q10: ='15.07.2026'!G12 -> 0 | R10: ='16.07.2026'!G12 -> 0 | S10: ='17.07.2026'!G12 -> 0 | T10: ='18.07.2026'!G12 -> 0 | V10: ='20.07.2026'!G12 -> 0 | W10: ='21.07.2026'!G12 -> 0 | X10: ='22.07.2026'!G12 -> 0 | Y10: ='23.07.2026'!G12 -> 0 | Z10: ='24.07.2026'!G12 -> 0 | AA10: ='25.07.2026'!G12 -> 0 | AC10: ='27.07.2026'!G12 -> 0 | AD10: ='28.07.2026'!G12 -> 0 | AE10: ='29.07.2026'!G12 -> 0 | AF10: ='30.07.2026'!G12 -> 0 | AG10: ='31.07.2026'!G12 -> 0 | AI10: =SUM(C10:AF10) -> 0
A11: 9 | B11: Lexim | C11: ='01.07.2026'!G13 -> 5 | D11: ='02.07.2026'!G13 -> 0 | E11: ='03.07.2026'!G13 -> 0 | F11: ='04.07.2026'!G13 -> 0 | H11: ='06.07.2026'!G13 -> 0 | I11: ='07.07.2026'!G13 -> 0 | J11: ='08.07.2026'!G13 -> 0 | K11: ='09.07.2026'!G13 -> 0 | L11: ='10.07.2026'!G13 -> 0 | M11: ='11.07.2026'!G13 -> 0 | O11: ='13.07.2026'!G13 -> 0 | P11: ='14.07.2026'!G13 -> 0 | Q11: ='15.07.2026'!G13 -> 0 | R11: ='16.07.2026'!G13 -> 0 | S11: ='17.07.2026'!G13 -> 0 | T11: ='18.07.2026'!G13 -> 0 | V11: ='20.07.2026'!G13 -> 0 | W11: ='21.07.2026'!G13 -> 0 | X11: ='22.07.2026'!G13 -> 0 | Y11: ='23.07.2026'!G13 -> 0 | Z11: ='24.07.2026'!G13 -> 0 | AA11: ='25.07.2026'!G13 -> 0 | AC11: ='27.07.2026'!G13 -> 0 | AD11: ='28.07.2026'!G13 -> 0 | AE11: ='29.07.2026'!G13 -> 0 | AF11: ='30.07.2026'!G13 -> 0 | AG11: ='31.07.2026'!G13 -> 0 | AI11: =SUM(C11:AF11) -> 5
B13: TRAFOREGJIONE
A14: 1 | B14: Kontrollimi i GM | C14: ='01.07.2026'!G16 -> 0 | D14: ='02.07.2026'!G16 -> 0 | E14: ='03.07.2026'!G16 -> 0 | F14: ='04.07.2026'!G16 -> 0 | H14: ='06.07.2026'!G16 -> 0 | I14: ='07.07.2026'!G16 -> 0 | J14: ='08.07.2026'!G16 -> 0 | K14: ='09.07.2026'!G16 -> 0 | L14: ='10.07.2026'!G16 -> 0 | M14: ='11.07.2026'!G16 -> 0 | O14: ='13.07.2026'!G16 -> 0 | P14: ='14.07.2026'!G16 -> 0 | Q14: ='15.07.2026'!G16 -> 0 | R14: ='16.07.2026'!G16 -> 0 | S14: ='17.07.2026'!G16 -> 0 | T14: ='18.07.2026'!G16 -> 0 | V14: ='20.07.2026'!G16 -> 0 | W14: ='21.07.2026'!G16 -> 0 | X14: ='22.07.2026'!G16 -> 0 | Y14: ='23.07.2026'!G16 -> 0 | Z14: ='24.07.2026'!G16 -> 0 | AA14: ='25.07.2026'!G16 -> 0 | AC14: ='27.07.2026'!G16 -> 0 | AD14: ='28.07.2026'!G16 -> 0 | AE14: ='29.07.2026'!G16 -> 0 | AF14: ='30.07.2026'!G16 -> 0 | AG14: ='31.07.2026'!G16 -> 0 | AI14: =SUM(C14:AF14) -> 0
A15: 2 | B15: Nderrimi i TMRR-ve | C15: ='01.07.2026'!G17 -> 0 | D15: ='02.07.2026'!G17 -> 0 | E15: ='03.07.2026'!G17 -> 0 | F15: ='04.07.2026'!G17 -> 0 | H15: ='06.07.2026'!G17 -> 0 | I15: ='07.07.2026'!G17 -> 0 | J15: ='08.07.2026'!G17 -> 0 | K15: ='09.07.2026'!G17 -> 0 | L15: ='10.07.2026'!G17 -> 0 | M15: ='11.07.2026'!G17 -> 0 | O15: ='13.07.2026'!G17 -> 0 | P15: ='14.07.2026'!G17 -> 0 | Q15: ='15.07.2026'!G17 -> 0 | R15: ='16.07.2026'!G17 -> 0 | S15: ='17.07.2026'!G17 -> 0 | T15: ='18.07.2026'!G17 -> 0 | V15: ='20.07.2026'!G17 -> 0 | W15: ='21.07.2026'!G17 -> 0 | X15: ='22.07.2026'!G17 -> 0 | Y15: ='23.07.2026'!G17 -> 0 | Z15: ='24.07.2026'!G17 -> 0 | AA15: ='25.07.2026'!G17 -> 0 | AC15: ='27.07.2026'!G17 -> 0 | AD15: ='28.07.2026'!G17 -> 0 | AE15: ='29.07.2026'!G17 -> 0 | AF15: ='30.07.2026'!G17 -> 0 | AG15: ='31.07.2026'!G17 -> 0 | AI15: =SUM(C15:AF15) -> 0
A16: 3 | B16: Ndrrimet i njehsorit | C16: ='01.07.2026'!G18 -> 0 | D16: ='02.07.2026'!G18 -> 0 | E16: ='03.07.2026'!G18 -> 0 | F16: ='04.07.2026'!G18 -> 0 | H16: ='06.07.2026'!G18 -> 0 | I16: ='07.07.2026'!G18 -> 0 | J16: ='08.07.2026'!G18 -> 0 | K16: ='09.07.2026'!G18 -> 0 | L16: ='10.07.2026'!G18 -> 0 | M16: ='11.07.2026'!G18 -> 0 | O16: ='13.07.2026'!G18 -> 0 | P16: ='14.07.2026'!G18 -> 0 | Q16: ='15.07.2026'!G18 -> 0 | R16: ='16.07.2026'!G18 -> 0 | S16: ='17.07.2026'!G18 -> 0 | T16: ='18.07.2026'!G18 -> 0 | V16: ='20.07.2026'!G18 -> 0 | W16: ='21.07.2026'!G18 -> 0 | X16: ='22.07.2026'!G18 -> 0 | Y16: ='23.07.2026'!G18 -> 0 | Z16: ='24.07.2026'!G18 -> 0 | AA16: ='25.07.2026'!G18 -> 0 | AC16: ='27.07.2026'!G18 -> 0 | AD16: ='28.07.2026'!G18 -> 0 | AE16: ='29.07.2026'!G18 -> 0 | AF16: ='30.07.2026'!G18 -> 0 | AG16: ='31.07.2026'!G18 -> 0 | AI16: =SUM(C16:AF16) -> 0
A17: 4 | B17: Montimet e GM | C17: ='01.07.2026'!G19 -> 0 | D17: ='02.07.2026'!G19 -> 0 | E17: ='03.07.2026'!G19 -> 0 | F17: ='04.07.2026'!G19 -> 0 | H17: ='06.07.2026'!G19 -> 0 | I17: ='07.07.2026'!G19 -> 0 | J17: ='08.07.2026'!G19 -> 0 | K17: ='09.07.2026'!G19 -> 0 | L17: ='10.07.2026'!G19 -> 0 | M17: ='11.07.2026'!G19 -> 0 | O17: ='13.07.2026'!G19 -> 0 | P17: ='14.07.2026'!G19 -> 0 | Q17: ='15.07.2026'!G19 -> 0 | R17: ='16.07.2026'!G19 -> 0 | S17: ='17.07.2026'!G19 -> 0 | T17: ='18.07.2026'!G19 -> 0 | V17: ='20.07.2026'!G19 -> 0 | W17: ='21.07.2026'!G19 -> 0 | X17: ='22.07.2026'!G19 -> 0 | Y17: ='23.07.2026'!G19 -> 0 | Z17: ='24.07.2026'!G19 -> 0 | AA17: ='25.07.2026'!G19 -> 0 | AC17: ='27.07.2026'!G19 -> 0 | AD17: ='28.07.2026'!G19 -> 0 | AE17: ='29.07.2026'!G19 -> 0 | AF17: ='30.07.2026'!G19 -> 0 | AG17: ='31.07.2026'!G19 -> 0 | AI17: =SUM(C17:AF17) -> 0
A18: 5 | B18: Rregullimi i lidhjes | C18: ='01.07.2026'!G20 -> 0 | D18: ='02.07.2026'!G20 -> 0 | E18: ='03.07.2026'!G20 -> 0 | F18: ='04.07.2026'!G20 -> 0 | H18: ='06.07.2026'!G20 -> 0 | I18: ='07.07.2026'!G20 -> 0 | J18: ='08.07.2026'!G20 -> 0 | K18: ='09.07.2026'!G20 -> 0 | L18: ='10.07.2026'!G20 -> 0 | M18: ='11.07.2026'!G20 -> 0 | O18: ='13.07.2026'!G20 -> 0 | P18: ='14.07.2026'!G20 -> 0 | Q18: ='15.07.2026'!G20 -> 0 | R18: ='16.07.2026'!G20 -> 0 | S18: ='17.07.2026'!G20 -> 0 | T18: ='18.07.2026'!G20 -> 0 | V18: ='20.07.2026'!G20 -> 0 | W18: ='21.07.2026'!G20 -> 0 | X18: ='22.07.2026'!G20 -> 0 | Y18: ='23.07.2026'!G20 -> 0 | Z18: ='24.07.2026'!G20 -> 0 | AA18: ='25.07.2026'!G20 -> 0 | AC18: ='27.07.2026'!G20 -> 0 | AD18: ='28.07.2026'!G20 -> 0 | AE18: ='29.07.2026'!G20 -> 0 | AF18: ='30.07.2026'!G20 -> 0 | AG18: ='31.07.2026'!G20 -> 0 | AI18: =SUM(C18:AF18) -> 0
A19: 6 | B19: Rregullim i fazimit, antenës, etj | C19: ='01.07.2026'!G21 -> 0 | D19: ='02.07.2026'!G21 -> 0 | E19: ='03.07.2026'!G21 -> 0 | F19: ='04.07.2026'!G21 -> 0 | H19: ='06.07.2026'!G21 -> 0 | I19: ='07.07.2026'!G21 -> 0 | J19: ='08.07.2026'!G21 -> 0 | K19: ='09.07.2026'!G21 -> 0 | L19: ='10.07.2026'!G21 -> 0 | M19: ='11.07.2026'!G21 -> 0 | O19: ='13.07.2026'!G21 -> 0 | P19: ='14.07.2026'!G21 -> 0 | Q19: ='15.07.2026'!G21 -> 0 | R19: ='16.07.2026'!G21 -> 0 | S19: ='17.07.2026'!G21 -> 0 | T19: ='18.07.2026'!G21 -> 0 | V19: ='20.07.2026'!G21 -> 0 | W19: ='21.07.2026'!G21 -> 0 | X19: ='22.07.2026'!G21 -> 0 | Y19: ='23.07.2026'!G21 -> 0 | Z19: ='24.07.2026'!G21 -> 0 | AA19: ='25.07.2026'!G21 -> 0 | AC19: ='27.07.2026'!G21 -> 0 | AD19: ='28.07.2026'!G21 -> 0 | AE19: ='29.07.2026'!G21 -> 0 | AF19: ='30.07.2026'!G21 -> 0 | AG19: ='31.07.2026'!G21 -> 0 | AI19: =SUM(C19:AF19) -> 0
A20: 7 | B20: Mbesin njehsorë të dëmtuar | C20: ='01.07.2026'!G22 -> 0 | D20: ='02.07.2026'!G22 -> 0 | E20: ='03.07.2026'!G22 -> 0 | F20: ='04.07.2026'!G22 -> 0 | H20: ='06.07.2026'!G22 -> 0 | I20: ='07.07.2026'!G22 -> 0 | J20: ='08.07.2026'!G22 -> 0 | K20: ='09.07.2026'!G22 -> 0 | L20: ='10.07.2026'!G22 -> 0 | M20: ='11.07.2026'!G22 -> 0 | O20: ='13.07.2026'!G22 -> 0 | P20: ='14.07.2026'!G22 -> 0 | Q20: ='15.07.2026'!G22 -> 0 | R20: ='16.07.2026'!G22 -> 0 | S20: ='17.07.2026'!G22 -> 0 | T20: ='18.07.2026'!G22 -> 0 | V20: ='20.07.2026'!G22 -> 0 | W20: ='21.07.2026'!G22 -> 0 | X20: ='22.07.2026'!G22 -> 0 | Y20: ='23.07.2026'!G22 -> 0 | Z20: ='24.07.2026'!G22 -> 0 | AA20: ='25.07.2026'!G22 -> 0 | AC20: ='27.07.2026'!G22 -> 0 | AD20: ='28.07.2026'!G22 -> 0 | AE20: ='29.07.2026'!G22 -> 0 | AF20: ='30.07.2026'!G22 -> 0 | AG20: ='31.07.2026'!G22 -> 0 | AI20: =SUM(C20:AF20) -> 0
A21: 8 | B21: Kontrollim sipas humbjeve | C21: ='01.07.2026'!G23 -> 0 | D21: ='02.07.2026'!G23 -> 0 | E21: ='03.07.2026'!G23 -> 0 | F21: ='04.07.2026'!G23 -> 0 | H21: ='06.07.2026'!G23 -> 0 | I21: ='07.07.2026'!G23 -> 0 | J21: ='08.07.2026'!G23 -> 0 | K21: ='09.07.2026'!G23 -> 0 | L21: ='10.07.2026'!G23 -> 0 | M21: ='11.07.2026'!G23 -> 0 | O21: ='13.07.2026'!G23 -> 0 | P21: ='14.07.2026'!G23 -> 0 | Q21: ='15.07.2026'!G23 -> 0 | R21: ='16.07.2026'!G23 -> 0 | S21: ='17.07.2026'!G23 -> 0 | T21: ='18.07.2026'!G23 -> 0 | V21: ='20.07.2026'!G23 -> 0 | W21: ='21.07.2026'!G23 -> 0 | X21: ='22.07.2026'!G23 -> 0 | Y21: ='23.07.2026'!G23 -> 0 | Z21: ='24.07.2026'!G23 -> 0 | AA21: ='25.07.2026'!G23 -> 0 | AC21: ='27.07.2026'!G23 -> 0 | AD21: ='28.07.2026'!G23 -> 0 | AE21: ='29.07.2026'!G23 -> 0 | AF21: ='30.07.2026'!G23 -> 0 | AG21: ='31.07.2026'!G23 -> 0 | AI21: =SUM(C21:AF21) -> 0
A22: 9 | B22: Rregullim pas vendosjes së ormanit të ri | C22: ='01.07.2026'!G24 -> 0 | D22: ='02.07.2026'!G24 -> 0 | E22: ='03.07.2026'!G24 -> 0 | F22: ='04.07.2026'!G24 -> 0 | H22: ='06.07.2026'!G24 -> 0 | I22: ='07.07.2026'!G24 -> 0 | J22: ='08.07.2026'!G24 -> 0 | K22: ='09.07.2026'!G24 -> 0 | L22: ='10.07.2026'!G24 -> 0 | M22: ='11.07.2026'!G24 -> 0 | O22: ='13.07.2026'!G24 -> 0 | P22: ='14.07.2026'!G24 -> 0 | Q22: ='15.07.2026'!G24 -> 0 | R22: ='16.07.2026'!G24 -> 0 | S22: ='17.07.2026'!G24 -> 0 | T22: ='18.07.2026'!G24 -> 0 | V22: ='20.07.2026'!G24 -> 0 | W22: ='21.07.2026'!G24 -> 0 | X22: ='22.07.2026'!G24 -> 0 | Y22: ='23.07.2026'!G24 -> 0 | Z22: ='24.07.2026'!G24 -> 0 | AA22: ='25.07.2026'!G24 -> 0 | AC22: ='27.07.2026'!G24 -> 0 | AD22: ='28.07.2026'!G24 -> 0 | AE22: ='29.07.2026'!G24 -> 0 | AF22: ='30.07.2026'!G24 -> 0 | AG22: ='31.07.2026'!G24 -> 0 | AI22: =SUM(C22:AF22) -> 0
A23: 10 | B23: Ndërrimet e TMRR pas ndërrimit të TR | C23: ='01.07.2026'!G25 -> 0 | D23: ='02.07.2026'!G25 -> 0 | E23: ='03.07.2026'!G25 -> 0 | F23: ='04.07.2026'!G25 -> 0 | H23: ='06.07.2026'!G25 -> 0 | I23: ='07.07.2026'!G25 -> 0 | J23: ='08.07.2026'!G25 -> 0 | K23: ='09.07.2026'!G25 -> 0 | L23: ='10.07.2026'!G25 -> 0 | M23: ='11.07.2026'!G25 -> 0 | O23: ='13.07.2026'!G25 -> 0 | P23: ='14.07.2026'!G25 -> 0 | Q23: ='15.07.2026'!G25 -> 0 | R23: ='16.07.2026'!G25 -> 0 | S23: ='17.07.2026'!G25 -> 0 | T23: ='18.07.2026'!G25 -> 0 | V23: ='20.07.2026'!G25 -> 0 | W23: ='21.07.2026'!G25 -> 0 | X23: ='22.07.2026'!G25 -> 0 | Y23: ='23.07.2026'!G25 -> 0 | Z23: ='24.07.2026'!G25 -> 0 | AA23: ='25.07.2026'!G25 -> 0 | AC23: ='27.07.2026'!G25 -> 0 | AD23: ='28.07.2026'!G25 -> 0 | AE23: ='29.07.2026'!G25 -> 0 | AF23: ='30.07.2026'!G25 -> 0 | AG23: ='31.07.2026'!G25 -> 0 | AI23: =SUM(C23:AF23) -> 0
A24: 11 | B24: Koncentrator | C24: ='01.07.2026'!G26 -> 0 | D24: ='02.07.2026'!G26 -> 0 | E24: ='03.07.2026'!G26 -> 0 | F24: ='04.07.2026'!G26 -> 0 | H24: ='06.07.2026'!G26 -> 0 | I24: ='07.07.2026'!G26 -> 0 | J24: ='08.07.2026'!G26 -> 0 | K24: ='09.07.2026'!G26 -> 0 | L24: ='10.07.2026'!G26 -> 0 | M24: ='11.07.2026'!G26 -> 0 | O24: ='13.07.2026'!G26 -> 0 | P24: ='14.07.2026'!G26 -> 0 | Q24: ='15.07.2026'!G26 -> 0 | R24: ='16.07.2026'!G26 -> 0 | S24: ='17.07.2026'!G26 -> 0 | T24: ='18.07.2026'!G26 -> 0 | V24: ='20.07.2026'!G26 -> 0 | W24: ='21.07.2026'!G26 -> 0 | X24: ='22.07.2026'!G26 -> 0 | Y24: ='23.07.2026'!G26 -> 0 | Z24: ='24.07.2026'!G26 -> 0 | AA24: ='25.07.2026'!G26 -> 0 | AC24: ='27.07.2026'!G26 -> 0 | AD24: ='28.07.2026'!G26 -> 0 | AE24: ='29.07.2026'!G26 -> 0 | AF24: ='30.07.2026'!G26 -> 0 | AG24: ='31.07.2026'!G26 -> 0 | AI24: =SUM(C24:AF24) -> 0
B26: DIREKT
A27: 1 | B27: Lidhje të reja | C27: ='01.07.2026'!G29 -> 0 | D27: ='02.07.2026'!G29 -> 0 | E27: ='03.07.2026'!G29 -> 0 | F27: ='04.07.2026'!G29 -> 0 | H27: ='06.07.2026'!G29 -> 0 | I27: ='07.07.2026'!G29 -> 0 | J27: ='08.07.2026'!G29 -> 0 | K27: ='09.07.2026'!G29 -> 0 | L27: ='10.07.2026'!G29 -> 0 | M27: ='11.07.2026'!G29 -> 0 | O27: ='13.07.2026'!G29 -> 0 | P27: ='14.07.2026'!G29 -> 0 | Q27: ='15.07.2026'!G29 -> 0 | R27: ='16.07.2026'!G29 -> 0 | S27: ='17.07.2026'!G29 -> 0 | T27: ='18.07.2026'!G29 -> 0 | V27: ='20.07.2026'!G29 -> 0 | W27: ='21.07.2026'!G29 -> 0 | X27: ='22.07.2026'!G29 -> 0 | Y27: ='23.07.2026'!G29 -> 0 | Z27: ='24.07.2026'!G29 -> 0 | AA27: ='25.07.2026'!G29 -> 0 | AC27: ='27.07.2026'!G29 -> 0 | AD27: ='28.07.2026'!G29 -> 0 | AE27: ='29.07.2026'!G29 -> 0 | AF27: ='30.07.2026'!G29 -> 0 | AG27: ='31.07.2026'!G29 -> 0 | AI27: =SUM(C27:AF27) -> 0
A28: 2 | B28: Ndërrime | C28: ='01.07.2026'!G30 -> 0 | D28: ='02.07.2026'!G30 -> 0 | E28: ='03.07.2026'!G30 -> 0 | F28: ='04.07.2026'!G30 -> 0 | H28: ='06.07.2026'!G30 -> 0 | I28: ='07.07.2026'!G30 -> 0 | J28: ='08.07.2026'!G30 -> 0 | K28: ='09.07.2026'!G30 -> 0 | L28: ='10.07.2026'!G30 -> 0 | M28: ='11.07.2026'!G30 -> 0 | O28: ='13.07.2026'!G30 -> 0 | P28: ='14.07.2026'!G30 -> 0 | Q28: ='15.07.2026'!G30 -> 0 | R28: ='16.07.2026'!G30 -> 0 | S28: ='17.07.2026'!G30 -> 0 | T28: ='18.07.2026'!G30 -> 0 | V28: ='20.07.2026'!G30 -> 0 | W28: ='21.07.2026'!G30 -> 0 | X28: ='22.07.2026'!G30 -> 0 | Y28: ='23.07.2026'!G30 -> 0 | Z28: ='24.07.2026'!G30 -> 0 | AA28: ='25.07.2026'!G30 -> 0 | AC28: ='27.07.2026'!G30 -> 0 | AD28: ='28.07.2026'!G30 -> 0 | AE28: ='29.07.2026'!G30 -> 0 | AF28: ='30.07.2026'!G30 -> 0 | AG28: ='31.07.2026'!G30 -> 0 | AI28: =SUM(C28:AF28) -> 0
A29: 3 | B29: PLC | C29: ='01.07.2026'!G31 -> 0 | D29: ='02.07.2026'!G31 -> 0 | E29: ='03.07.2026'!G31 -> 0 | F29: ='04.07.2026'!G31 -> 0 | H29: ='06.07.2026'!G31 -> 0 | I29: ='07.07.2026'!G31 -> 0 | J29: ='08.07.2026'!G31 -> 0 | K29: ='09.07.2026'!G31 -> 0 | L29: ='10.07.2026'!G31 -> 0 | M29: ='11.07.2026'!G31 -> 0 | O29: ='13.07.2026'!G31 -> 0 | P29: ='14.07.2026'!G31 -> 0 | Q29: ='15.07.2026'!G31 -> 0 | R29: ='16.07.2026'!G31 -> 0 | S29: ='17.07.2026'!G31 -> 0 | T29: ='18.07.2026'!G31 -> 0 | V29: ='20.07.2026'!G31 -> 0 | W29: ='21.07.2026'!G31 -> 0 | X29: ='22.07.2026'!G31 -> 0 | Y29: ='23.07.2026'!G31 -> 0 | Z29: ='24.07.2026'!G31 -> 0 | AA29: ='25.07.2026'!G31 -> 0 | AC29: ='27.07.2026'!G31 -> 0 | AD29: ='28.07.2026'!G31 -> 0 | AE29: ='29.07.2026'!G31 -> 0 | AF29: ='30.07.2026'!G31 -> 0 | AG29: ='31.07.2026'!G31 -> 0 | AI29: =SUM(C29:AF29) -> 0
A30: 4 | B30: Kontrollim me ZERA | C30: ='01.07.2026'!G32 -> 0 | D30: ='02.07.2026'!G32 -> 0 | E30: ='03.07.2026'!G32 -> 0 | F30: ='04.07.2026'!G32 -> 0 | H30: ='06.07.2026'!G32 -> 0 | I30: ='07.07.2026'!G32 -> 0 | J30: ='08.07.2026'!G32 -> 0 | K30: ='09.07.2026'!G32 -> 0 | L30: ='10.07.2026'!G32 -> 0 | M30: ='11.07.2026'!G32 -> 0 | O30: ='13.07.2026'!G32 -> 0 | P30: ='14.07.2026'!G32 -> 0 | Q30: ='15.07.2026'!G32 -> 0 | R30: ='16.07.2026'!G32 -> 0 | S30: ='17.07.2026'!G32 -> 0 | T30: ='18.07.2026'!G32 -> 0 | V30: ='20.07.2026'!G32 -> 0 | W30: ='21.07.2026'!G32 -> 0 | X30: ='22.07.2026'!G32 -> 0 | Y30: ='23.07.2026'!G32 -> 0 | Z30: ='24.07.2026'!G32 -> 0 | AA30: ='25.07.2026'!G32 -> 0 | AC30: ='27.07.2026'!G32 -> 0 | AD30: ='28.07.2026'!G32 -> 0 | AE30: ='29.07.2026'!G32 -> 0 | AF30: ='30.07.2026'!G32 -> 0 | AG30: ='31.07.2026'!G32 -> 0 | AI30: =SUM(C30:AF30) -> 0
A31: 5 | B31: Rregullim komunikimit dhe tjera | C31: ='01.07.2026'!G33 -> 6 | D31: ='02.07.2026'!G33 -> 0 | E31: ='03.07.2026'!G33 -> 0 | F31: ='04.07.2026'!G33 -> 0 | H31: ='06.07.2026'!G33 -> 0 | I31: ='07.07.2026'!G33 -> 0 | J31: ='08.07.2026'!G33 -> 0 | K31: ='09.07.2026'!G33 -> 0 | L31: ='10.07.2026'!G33 -> 0 | M31: ='11.07.2026'!G33 -> 0 | O31: ='13.07.2026'!G33 -> 0 | P31: ='14.07.2026'!G33 -> 0 | Q31: ='15.07.2026'!G33 -> 0 | R31: ='16.07.2026'!G33 -> 0 | S31: ='17.07.2026'!G33 -> 0 | T31: ='18.07.2026'!G33 -> 0 | V31: ='20.07.2026'!G33 -> 0 | W31: ='21.07.2026'!G33 -> 0 | X31: ='22.07.2026'!G33 -> 0 | Y31: ='23.07.2026'!G33 -> 0 | Z31: ='24.07.2026'!G33 -> 0 | AA31: ='25.07.2026'!G33 -> 0 | AC31: ='27.07.2026'!G33 -> 0 | AD31: ='28.07.2026'!G33 -> 0 | AE31: ='29.07.2026'!G33 -> 0 | AF31: ='30.07.2026'!G33 -> 0 | AG31: ='31.07.2026'!G33 -> 0 | AI31: =SUM(C31:AF31) -> 6

Sheet DGL
A1: DGL - RAPORT MUJOR - QERSHOR 2026
A2: NR | B2: KOMERCIAL | C2: 1 | D2: 2 | E2: 3 | F2: 4 | G2: 5 | H2: 6 | I2: 7 | J2: 8 | K2: 9 | L2: 10 | M2: 11 | N2: 12 | O2: 13 | P2: 14 | Q2: 15 | R2: 16 | S2: 17 | T2: 18 | U2: 19 | V2: 20 | W2: 21 | X2: 22 | Y2: 23 | Z2: 24 | AA2: 25 | AB2: 26 | AC2: 27 | AD2: 28 | AE2: 29 | AF2: 30 | AG2: 31 | AI2: Totali
A3: 1 | B3: Kontrollimi periodik i GM | C3: ='01.07.2026'!H5 -> 0 | D3: ='02.07.2026'!H5 -> 0 | E3: ='03.07.2026'!H5 -> 0 | F3: ='04.07.2026'!H5 -> 0 | H3: ='06.07.2026'!H5 -> 2 | I3: ='07.07.2026'!H5 -> 2 | J3: ='08.07.2026'!H5 -> 1 | K3: ='09.07.2026'!H5 -> 9 | L3: ='10.07.2026'!H5 -> 9 | M3: ='11.07.2026'!H5 -> 0 | O3: ='13.07.2026'!H5 -> 10 | P3: ='14.07.2026'!H5 -> 14 | Q3: ='15.07.2026'!H5 -> 15 | R3: ='16.07.2026'!H5 -> 12 | S3: ='17.07.2026'!H5 -> 4 | T3: ='18.07.2026'!H5 -> 0 | V3: ='20.07.2026'!H5 -> 8 | W3: ='21.07.2026'!H5 -> 0 | X3: ='22.07.2026'!H5 -> 0 | Y3: ='23.07.2026'!H5 -> 0 | Z3: ='24.07.2026'!H5 -> 1 | AA3: ='25.07.2026'!H5 -> 0 | AC3: ='27.07.2026'!H5 -> 0 | AD3: ='28.07.2026'!H5 -> 0 | AE3: ='29.07.2026'!H5 -> 0 | AF3: ='30.07.2026'!H5 -> 0 | AG3: ='31.07.2026'!H5 -> 4 | AI3: =SUM(C3:AF3) -> 87
A4: 2 | B4: Kontrollimi sipas DV i GM | C4: ='01.07.2026'!H6 -> 0 | D4: ='02.07.2026'!H6 -> 0 | E4: ='03.07.2026'!H6 -> 0 | F4: ='04.07.2026'!H6 -> 0 | H4: ='06.07.2026'!H6 -> 0 | I4: ='07.07.2026'!H6 -> 0 | J4: ='08.07.2026'!H6 -> 1 | K4: ='09.07.2026'!H6 -> 0 | L4: ='10.07.2026'!H6 -> 0 | M4: ='11.07.2026'!H6 -> 0 | O4: ='13.07.2026'!H6 -> 0 | P4: ='14.07.2026'!H6 -> 0 | Q4: ='15.07.2026'!H6 -> 0 | R4: ='16.07.2026'!H6 -> 0 | S4: ='17.07.2026'!H6 -> 0 | T4: ='18.07.2026'!H6 -> 0 | V4: ='20.07.2026'!H6 -> 0 | W4: ='21.07.2026'!H6 -> 0 | X4: ='22.07.2026'!H6 -> 0 | Y4: ='23.07.2026'!H6 -> 0 | Z4: ='24.07.2026'!H6 -> 0 | AA4: ='25.07.2026'!H6 -> 0 | AC4: ='27.07.2026'!H6 -> 0 | AD4: ='28.07.2026'!H6 -> 0 | AE4: ='29.07.2026'!H6 -> 0 | AF4: ='30.07.2026'!H6 -> 0 | AG4: ='31.07.2026'!H6 -> 0 | AI4: =SUM(C4:AF4) -> 1
A5: 3 | B5: Ndërrimi i TMRR-ve | C5: ='01.07.2026'!H7 -> 0 | D5: ='02.07.2026'!H7 -> 0 | E5: ='03.07.2026'!H7 -> 0 | F5: ='04.07.2026'!H7 -> 0 | H5: ='06.07.2026'!H7 -> 0 | I5: ='07.07.2026'!H7 -> 0 | J5: ='08.07.2026'!H7 -> 0 | K5: ='09.07.2026'!H7 -> 0 | L5: ='10.07.2026'!H7 -> 0 | M5: ='11.07.2026'!H7 -> 0 | O5: ='13.07.2026'!H7 -> 0 | P5: ='14.07.2026'!H7 -> 0 | Q5: ='15.07.2026'!H7 -> 0 | R5: ='16.07.2026'!H7 -> 0 | S5: ='17.07.2026'!H7 -> 0 | T5: ='18.07.2026'!H7 -> 0 | V5: ='20.07.2026'!H7 -> 0 | W5: ='21.07.2026'!H7 -> 0 | X5: ='22.07.2026'!H7 -> 0 | Y5: ='23.07.2026'!H7 -> 0 | Z5: ='24.07.2026'!H7 -> 0 | AA5: ='25.07.2026'!H7 -> 0 | AC5: ='27.07.2026'!H7 -> 0 | AD5: ='28.07.2026'!H7 -> 0 | AE5: ='29.07.2026'!H7 -> 0 | AF5: ='30.07.2026'!H7 -> 0 | AG5: ='31.07.2026'!H7 -> 0 | AI5: =SUM(C5:AF5) -> 0
A6: 4 | B6: Ndërrimi i njehsorit | C6: ='01.07.2026'!H8 -> 0 | D6: ='02.07.2026'!H8 -> 0 | E6: ='03.07.2026'!H8 -> 7 | F6: ='04.07.2026'!H8 -> 0 | H6: ='06.07.2026'!H8 -> 1 | I6: ='07.07.2026'!H8 -> 0 | J6: ='08.07.2026'!H8 -> 0 | K6: ='09.07.2026'!H8 -> 0 | L6: ='10.07.2026'!H8 -> 0 | M6: ='11.07.2026'!H8 -> 0 | O6: ='13.07.2026'!H8 -> 0 | P6: ='14.07.2026'!H8 -> 0 | Q6: ='15.07.2026'!H8 -> 0 | R6: ='16.07.2026'!H8 -> 0 | S6: ='17.07.2026'!H8 -> 0 | T6: ='18.07.2026'!H8 -> 0 | V6: ='20.07.2026'!H8 -> 0 | W6: ='21.07.2026'!H8 -> 0 | X6: ='22.07.2026'!H8 -> 0 | Y6: ='23.07.2026'!H8 -> 0 | Z6: ='24.07.2026'!H8 -> 0 | AA6: ='25.07.2026'!H8 -> 0 | AC6: ='27.07.2026'!H8 -> 0 | AD6: ='28.07.2026'!H8 -> 0 | AE6: ='29.07.2026'!H8 -> 0 | AF6: ='30.07.2026'!H8 -> 0 | AG6: ='31.07.2026'!H8 -> 0 | AI6: =SUM(C6:AF6) -> 8
A7: 5 | B7: Montimet e GM me PEE | C7: ='01.07.2026'!H9 -> 0 | D7: ='02.07.2026'!H9 -> 0 | E7: ='03.07.2026'!H9 -> 0 | F7: ='04.07.2026'!H9 -> 0 | H7: ='06.07.2026'!H9 -> 0 | I7: ='07.07.2026'!H9 -> 0 | J7: ='08.07.2026'!H9 -> 0 | K7: ='09.07.2026'!H9 -> 0 | L7: ='10.07.2026'!H9 -> 0 | M7: ='11.07.2026'!H9 -> 0 | O7: ='13.07.2026'!H9 -> 0 | P7: ='14.07.2026'!H9 -> 0 | Q7: ='15.07.2026'!H9 -> 0 | R7: ='16.07.2026'!H9 -> 0 | S7: ='17.07.2026'!H9 -> 0 | T7: ='18.07.2026'!H9 -> 0 | V7: ='20.07.2026'!H9 -> 0 | W7: ='21.07.2026'!H9 -> 1 | X7: ='22.07.2026'!H9 -> 1 | Y7: ='23.07.2026'!H9 -> 0 | Z7: ='24.07.2026'!H9 -> 0 | AA7: ='25.07.2026'!H9 -> 0 | AC7: ='27.07.2026'!H9 -> 0 | AD7: ='28.07.2026'!H9 -> 0 | AE7: ='29.07.2026'!H9 -> 1 | AF7: ='30.07.2026'!H9 -> 0 | AG7: ='31.07.2026'!H9 -> 0 | AI7: =SUM(C7:AF7) -> 3
A8: 6 | B8: Kontrollime me kërkesë të konsumatorit | C8: ='01.07.2026'!H10 -> 0 | D8: ='02.07.2026'!H10 -> 0 | E8: ='03.07.2026'!H10 -> 0 | F8: ='04.07.2026'!H10 -> 0 | H8: ='06.07.2026'!H10 -> 0 | I8: ='07.07.2026'!H10 -> 0 | J8: ='08.07.2026'!H10 -> 0 | K8: ='09.07.2026'!H10 -> 0 | L8: ='10.07.2026'!H10 -> 0 | M8: ='11.07.2026'!H10 -> 0 | O8: ='13.07.2026'!H10 -> 0 | P8: ='14.07.2026'!H10 -> 0 | Q8: ='15.07.2026'!H10 -> 0 | R8: ='16.07.2026'!H10 -> 0 | S8: ='17.07.2026'!H10 -> 0 | T8: ='18.07.2026'!H10 -> 0 | V8: ='20.07.2026'!H10 -> 0 | W8: ='21.07.2026'!H10 -> 0 | X8: ='22.07.2026'!H10 -> 0 | Y8: ='23.07.2026'!H10 -> 0 | Z8: ='24.07.2026'!H10 -> 0 | AA8: ='25.07.2026'!H10 -> 0 | AC8: ='27.07.2026'!H10 -> 0 | AD8: ='28.07.2026'!H10 -> 0 | AE8: ='29.07.2026'!H10 -> 0 | AF8: ='30.07.2026'!H10 -> 0 | AG8: ='31.07.2026'!H10 -> 0 | AI8: =SUM(C8:AF8) -> 0
A9: 7 | B9: Rregullimi i lidhjes | C9: ='01.07.2026'!H11 -> 0 | D9: ='02.07.2026'!H11 -> 0 | E9: ='03.07.2026'!H11 -> 0 | F9: ='04.07.2026'!H11 -> 0 | H9: ='06.07.2026'!H11 -> 0 | I9: ='07.07.2026'!H11 -> 2 | J9: ='08.07.2026'!H11 -> 0 | K9: ='09.07.2026'!H11 -> 0 | L9: ='10.07.2026'!H11 -> 0 | M9: ='11.07.2026'!H11 -> 0 | O9: ='13.07.2026'!H11 -> 0 | P9: ='14.07.2026'!H11 -> 0 | Q9: ='15.07.2026'!H11 -> 0 | R9: ='16.07.2026'!H11 -> 0 | S9: ='17.07.2026'!H11 -> 0 | T9: ='18.07.2026'!H11 -> 0 | V9: ='20.07.2026'!H11 -> 0 | W9: ='21.07.2026'!H11 -> 0 | X9: ='22.07.2026'!H11 -> 0 | Y9: ='23.07.2026'!H11 -> 0 | Z9: ='24.07.2026'!H11 -> 0 | AA9: ='25.07.2026'!H11 -> 0 | AC9: ='27.07.2026'!H11 -> 0 | AD9: ='28.07.2026'!H11 -> 0 | AE9: ='29.07.2026'!H11 -> 0 | AF9: ='30.07.2026'!H11 -> 0 | AG9: ='31.07.2026'!H11 -> 0 | AI9: =SUM(C9:AF9) -> 2
A10: 8 | B10: Rregullim i komunikimit | C10: ='01.07.2026'!H12 -> 0 | D10: ='02.07.2026'!H12 -> 0 | E10: ='03.07.2026'!H12 -> 0 | F10: ='04.07.2026'!H12 -> 0 | H10: ='06.07.2026'!H12 -> 0 | I10: ='07.07.2026'!H12 -> 0 | J10: ='08.07.2026'!H12 -> 0 | K10: ='09.07.2026'!H12 -> 0 | L10: ='10.07.2026'!H12 -> 0 | M10: ='11.07.2026'!H12 -> 0 | O10: ='13.07.2026'!H12 -> 0 | P10: ='14.07.2026'!H12 -> 0 | Q10: ='15.07.2026'!H12 -> 0 | R10: ='16.07.2026'!H12 -> 0 | S10: ='17.07.2026'!H12 -> 0 | T10: ='18.07.2026'!H12 -> 0 | V10: ='20.07.2026'!H12 -> 0 | W10: ='21.07.2026'!H12 -> 0 | X10: ='22.07.2026'!H12 -> 0 | Y10: ='23.07.2026'!H12 -> 0 | Z10: ='24.07.2026'!H12 -> 0 | AA10: ='25.07.2026'!H12 -> 0 | AC10: ='27.07.2026'!H12 -> 0 | AD10: ='28.07.2026'!H12 -> 0 | AE10: ='29.07.2026'!H12 -> 0 | AF10: ='30.07.2026'!H12 -> 0 | AG10: ='31.07.2026'!H12 -> 0 | AI10: =SUM(C10:AF10) -> 0
A11: 9 | B11: Lexim | C11: ='01.07.2026'!H13 -> 0 | D11: ='02.07.2026'!H13 -> 0 | E11: ='03.07.2026'!H13 -> 0 | F11: ='04.07.2026'!H13 -> 0 | H11: ='06.07.2026'!H13 -> 0 | I11: ='07.07.2026'!H13 -> 0 | J11: ='08.07.2026'!H13 -> 0 | K11: ='09.07.2026'!H13 -> 0 | L11: ='10.07.2026'!H13 -> 0 | M11: ='11.07.2026'!H13 -> 0 | O11: ='13.07.2026'!H13 -> 0 | P11: ='14.07.2026'!H13 -> 0 | Q11: ='15.07.2026'!H13 -> 0 | R11: ='16.07.2026'!H13 -> 0 | S11: ='17.07.2026'!H13 -> 0 | T11: ='18.07.2026'!H13 -> 0 | V11: ='20.07.2026'!H13 -> 0 | W11: ='21.07.2026'!H13 -> 0 | X11: ='22.07.2026'!H13 -> 0 | Y11: ='23.07.2026'!H13 -> 0 | Z11: ='24.07.2026'!H13 -> 0 | AA11: ='25.07.2026'!H13 -> 0 | AC11: ='27.07.2026'!H13 -> 0 | AD11: ='28.07.2026'!H13 -> 0 | AE11: ='29.07.2026'!H13 -> 0 | AF11: ='30.07.2026'!H13 -> 0 | AG11: ='31.07.2026'!H13 -> 0 | AI11: =SUM(C11:AF11) -> 0
B13: TRAFOREGJIONE
A14: 1 | B14: Kontrollimi i GM | C14: ='01.07.2026'!H16 -> 0 | D14: ='02.07.2026'!H16 -> 0 | E14: ='03.07.2026'!H16 -> 0 | F14: ='04.07.2026'!H16 -> 0 | H14: ='06.07.2026'!H16 -> 5 | I14: ='07.07.2026'!H16 -> 1 | J14: ='08.07.2026'!H16 -> 5 | K14: ='09.07.2026'!H16 -> 8 | L14: ='10.07.2026'!H16 -> 6 | M14: ='11.07.2026'!H16 -> 0 | O14: ='13.07.2026'!H16 -> 4 | P14: ='14.07.2026'!H16 -> 6 | Q14: ='15.07.2026'!H16 -> 4 | R14: ='16.07.2026'!H16 -> 6 | S14: ='17.07.2026'!H16 -> 11 | T14: ='18.07.2026'!H16 -> 0 | V14: ='20.07.2026'!H16 -> 9 | W14: ='21.07.2026'!H16 -> 0 | X14: ='22.07.2026'!H16 -> 1 | Y14: ='23.07.2026'!H16 -> 0 | Z14: ='24.07.2026'!H16 -> 6 | AA14: ='25.07.2026'!H16 -> 0 | AC14: ='27.07.2026'!H16 -> 0 | AD14: ='28.07.2026'!H16 -> 0 | AE14: ='29.07.2026'!H16 -> 0 | AF14: ='30.07.2026'!H16 -> 6 | AG14: ='31.07.2026'!H16 -> 8 | AI14: =SUM(C14:AF14) -> 78
A15: 2 | B15: Nderrimi i TMRR-ve | C15: ='01.07.2026'!H17 -> 0 | D15: ='02.07.2026'!H17 -> 0 | E15: ='03.07.2026'!H17 -> 0 | F15: ='04.07.2026'!H17 -> 0 | H15: ='06.07.2026'!H17 -> 0 | I15: ='07.07.2026'!H17 -> 0 | J15: ='08.07.2026'!H17 -> 0 | K15: ='09.07.2026'!H17 -> 0 | L15: ='10.07.2026'!H17 -> 0 | M15: ='11.07.2026'!H17 -> 0 | O15: ='13.07.2026'!H17 -> 0 | P15: ='14.07.2026'!H17 -> 0 | Q15: ='15.07.2026'!H17 -> 0 | R15: ='16.07.2026'!H17 -> 0 | S15: ='17.07.2026'!H17 -> 0 | T15: ='18.07.2026'!H17 -> 0 | V15: ='20.07.2026'!H17 -> 0 | W15: ='21.07.2026'!H17 -> 0 | X15: ='22.07.2026'!H17 -> 0 | Y15: ='23.07.2026'!H17 -> 0 | Z15: ='24.07.2026'!H17 -> 0 | AA15: ='25.07.2026'!H17 -> 0 | AC15: ='27.07.2026'!H17 -> 0 | AD15: ='28.07.2026'!H17 -> 0 | AE15: ='29.07.2026'!H17 -> 0 | AF15: ='30.07.2026'!H17 -> 0 | AG15: ='31.07.2026'!H17 -> 0 | AI15: =SUM(C15:AF15) -> 0
A16: 3 | B16: Ndrrimet i njehsorit | C16: ='01.07.2026'!H18 -> 0 | D16: ='02.07.2026'!H18 -> 0 | E16: ='03.07.2026'!H18 -> 0 | F16: ='04.07.2026'!H18 -> 0 | H16: ='06.07.2026'!H18 -> 3 | I16: ='07.07.2026'!H18 -> 1 | J16: ='08.07.2026'!H18 -> 2 | K16: ='09.07.2026'!H18 -> 0 | L16: ='10.07.2026'!H18 -> 0 | M16: ='11.07.2026'!H18 -> 0 | O16: ='13.07.2026'!H18 -> 0 | P16: ='14.07.2026'!H18 -> 0 | Q16: ='15.07.2026'!H18 -> 0 | R16: ='16.07.2026'!H18 -> 0 | S16: ='17.07.2026'!H18 -> 2 | T16: ='18.07.2026'!H18 -> 0 | V16: ='20.07.2026'!H18 -> 0 | W16: ='21.07.2026'!H18 -> 0 | X16: ='22.07.2026'!H18 -> 0 | Y16: ='23.07.2026'!H18 -> 0 | Z16: ='24.07.2026'!H18 -> 0 | AA16: ='25.07.2026'!H18 -> 0 | AC16: ='27.07.2026'!H18 -> 1 | AD16: ='28.07.2026'!H18 -> 0 | AE16: ='29.07.2026'!H18 -> 0 | AF16: ='30.07.2026'!H18 -> 1 | AG16: ='31.07.2026'!H18 -> 0 | AI16: =SUM(C16:AF16) -> 10
A17: 4 | B17: Montimet e GM | C17: ='01.07.2026'!H19 -> 0 | D17: ='02.07.2026'!H19 -> 0 | E17: ='03.07.2026'!H19 -> 0 | F17: ='04.07.2026'!H19 -> 0 | H17: ='06.07.2026'!H19 -> 0 | I17: ='07.07.2026'!H19 -> 0 | J17: ='08.07.2026'!H19 -> 1 | K17: ='09.07.2026'!H19 -> 0 | L17: ='10.07.2026'!H19 -> 0 | M17: ='11.07.2026'!H19 -> 0 | O17: ='13.07.2026'!H19 -> 0 | P17: ='14.07.2026'!H19 -> 0 | Q17: ='15.07.2026'!H19 -> 0 | R17: ='16.07.2026'!H19 -> 0 | S17: ='17.07.2026'!H19 -> 1 | T17: ='18.07.2026'!H19 -> 0 | V17: ='20.07.2026'!H19 -> 1 | W17: ='21.07.2026'!H19 -> 0 | X17: ='22.07.2026'!H19 -> 0 | Y17: ='23.07.2026'!H19 -> 0 | Z17: ='24.07.2026'!H19 -> 0 | AA17: ='25.07.2026'!H19 -> 0 | AC17: ='27.07.2026'!H19 -> 1 | AD17: ='28.07.2026'!H19 -> 0 | AE17: ='29.07.2026'!H19 -> 0 | AF17: ='30.07.2026'!H19 -> 0 | AG17: ='31.07.2026'!H19 -> 0 | AI17: =SUM(C17:AF17) -> 4
A18: 5 | B18: Rregullimi i lidhjes | C18: ='01.07.2026'!H20 -> 0 | D18: ='02.07.2026'!H20 -> 0 | E18: ='03.07.2026'!H20 -> 0 | F18: ='04.07.2026'!H20 -> 0 | H18: ='06.07.2026'!H20 -> 0 | I18: ='07.07.2026'!H20 -> 0 | J18: ='08.07.2026'!H20 -> 0 | K18: ='09.07.2026'!H20 -> 0 | L18: ='10.07.2026'!H20 -> 0 | M18: ='11.07.2026'!H20 -> 0 | O18: ='13.07.2026'!H20 -> 0 | P18: ='14.07.2026'!H20 -> 0 | Q18: ='15.07.2026'!H20 -> 0 | R18: ='16.07.2026'!H20 -> 0 | S18: ='17.07.2026'!H20 -> 0 | T18: ='18.07.2026'!H20 -> 0 | V18: ='20.07.2026'!H20 -> 0 | W18: ='21.07.2026'!H20 -> 0 | X18: ='22.07.2026'!H20 -> 0 | Y18: ='23.07.2026'!H20 -> 0 | Z18: ='24.07.2026'!H20 -> 0 | AA18: ='25.07.2026'!H20 -> 0 | AC18: ='27.07.2026'!H20 -> 0 | AD18: ='28.07.2026'!H20 -> 0 | AE18: ='29.07.2026'!H20 -> 0 | AF18: ='30.07.2026'!H20 -> 0 | AG18: ='31.07.2026'!H20 -> 0 | AI18: =SUM(C18:AF18) -> 0
A19: 6 | B19: Rregullim i fazimit, antenës, etj | C19: ='01.07.2026'!H21 -> 0 | D19: ='02.07.2026'!H21 -> 0 | E19: ='03.07.2026'!H21 -> 0 | F19: ='04.07.2026'!H21 -> 0 | H19: ='06.07.2026'!H21 -> 0 | I19: ='07.07.2026'!H21 -> 0 | J19: ='08.07.2026'!H21 -> 0 | K19: ='09.07.2026'!H21 -> 0 | L19: ='10.07.2026'!H21 -> 0 | M19: ='11.07.2026'!H21 -> 0 | O19: ='13.07.2026'!H21 -> 0 | P19: ='14.07.2026'!H21 -> 0 | Q19: ='15.07.2026'!H21 -> 0 | R19: ='16.07.2026'!H21 -> 0 | S19: ='17.07.2026'!H21 -> 0 | T19: ='18.07.2026'!H21 -> 0 | V19: ='20.07.2026'!H21 -> 0 | W19: ='21.07.2026'!H21 -> 0 | X19: ='22.07.2026'!H21 -> 0 | Y19: ='23.07.2026'!H21 -> 0 | Z19: ='24.07.2026'!H21 -> 0 | AA19: ='25.07.2026'!H21 -> 0 | AC19: ='27.07.2026'!H21 -> 0 | AD19: ='28.07.2026'!H21 -> 0 | AE19: ='29.07.2026'!H21 -> 0 | AF19: ='30.07.2026'!H21 -> 0 | AG19: ='31.07.2026'!H21 -> 0 | AI19: =SUM(C19:AF19) -> 0
A20: 7 | B20: Mbesin njehsorë të dëmtuar | C20: ='01.07.2026'!H22 -> 0 | D20: ='02.07.2026'!H22 -> 0 | E20: ='03.07.2026'!H22 -> 0 | F20: ='04.07.2026'!H22 -> 0 | H20: ='06.07.2026'!H22 -> 0 | I20: ='07.07.2026'!H22 -> 0 | J20: ='08.07.2026'!H22 -> 0 | K20: ='09.07.2026'!H22 -> 0 | L20: ='10.07.2026'!H22 -> 0 | M20: ='11.07.2026'!H22 -> 0 | O20: ='13.07.2026'!H22 -> 0 | P20: ='14.07.2026'!H22 -> 0 | Q20: ='15.07.2026'!H22 -> 0 | R20: ='16.07.2026'!H22 -> 0 | S20: ='17.07.2026'!H22 -> 0 | T20: ='18.07.2026'!H22 -> 0 | V20: ='20.07.2026'!H22 -> 0 | W20: ='21.07.2026'!H22 -> 0 | X20: ='22.07.2026'!H22 -> 0 | Y20: ='23.07.2026'!H22 -> 0 | Z20: ='24.07.2026'!H22 -> 0 | AA20: ='25.07.2026'!H22 -> 0 | AC20: ='27.07.2026'!H22 -> 0 | AD20: ='28.07.2026'!H22 -> 0 | AE20: ='29.07.2026'!H22 -> 0 | AF20: ='30.07.2026'!H22 -> 0 | AG20: ='31.07.2026'!H22 -> 0 | AI20: =SUM(C20:AF20) -> 0
A21: 8 | B21: Kontrollim sipas humbjeve | C21: ='01.07.2026'!H23 -> 0 | D21: ='02.07.2026'!H23 -> 0 | E21: ='03.07.2026'!H23 -> 0 | F21: ='04.07.2026'!H23 -> 0 | H21: ='06.07.2026'!H23 -> 0 | I21: ='07.07.2026'!H23 -> 0 | J21: ='08.07.2026'!H23 -> 0 | K21: ='09.07.2026'!H23 -> 0 | L21: ='10.07.2026'!H23 -> 0 | M21: ='11.07.2026'!H23 -> 0 | O21: ='13.07.2026'!H23 -> 0 | P21: ='14.07.2026'!H23 -> 0 | Q21: ='15.07.2026'!H23 -> 0 | R21: ='16.07.2026'!H23 -> 0 | S21: ='17.07.2026'!H23 -> 0 | T21: ='18.07.2026'!H23 -> 0 | V21: ='20.07.2026'!H23 -> 0 | W21: ='21.07.2026'!H23 -> 0 | X21: ='22.07.2026'!H23 -> 0 | Y21: ='23.07.2026'!H23 -> 0 | Z21: ='24.07.2026'!H23 -> 0 | AA21: ='25.07.2026'!H23 -> 0 | AC21: ='27.07.2026'!H23 -> 0 | AD21: ='28.07.2026'!H23 -> 0 | AE21: ='29.07.2026'!H23 -> 0 | AF21: ='30.07.2026'!H23 -> 0 | AG21: ='31.07.2026'!H23 -> 0 | AI21: =SUM(C21:AF21) -> 0
A22: 9 | B22: Rregullim pas vendosjes së ormanit të ri | C22: ='01.07.2026'!H24 -> 0 | D22: ='02.07.2026'!H24 -> 0 | E22: ='03.07.2026'!H24 -> 0 | F22: ='04.07.2026'!H24 -> 0 | H22: ='06.07.2026'!H24 -> 0 | I22: ='07.07.2026'!H24 -> 0 | J22: ='08.07.2026'!H24 -> 0 | K22: ='09.07.2026'!H24 -> 0 | L22: ='10.07.2026'!H24 -> 0 | M22: ='11.07.2026'!H24 -> 0 | O22: ='13.07.2026'!H24 -> 0 | P22: ='14.07.2026'!H24 -> 0 | Q22: ='15.07.2026'!H24 -> 0 | R22: ='16.07.2026'!H24 -> 0 | S22: ='17.07.2026'!H24 -> 0 | T22: ='18.07.2026'!H24 -> 0 | V22: ='20.07.2026'!H24 -> 0 | W22: ='21.07.2026'!H24 -> 0 | X22: ='22.07.2026'!H24 -> 1 | Y22: ='23.07.2026'!H24 -> 0 | Z22: ='24.07.2026'!H24 -> 0 | AA22: ='25.07.2026'!H24 -> 0 | AC22: ='27.07.2026'!H24 -> 0 | AD22: ='28.07.2026'!H24 -> 0 | AE22: ='29.07.2026'!H24 -> 0 | AF22: ='30.07.2026'!H24 -> 0 | AG22: ='31.07.2026'!H24 -> 0 | AI22: =SUM(C22:AF22) -> 1
A23: 10 | B23: Ndërrimet e TMRR pas ndërrimit të TR | C23: ='01.07.2026'!H25 -> 0 | D23: ='02.07.2026'!H25 -> 0 | E23: ='03.07.2026'!H25 -> 0 | F23: ='04.07.2026'!H25 -> 0 | H23: ='06.07.2026'!H25 -> 0 | I23: ='07.07.2026'!H25 -> 0 | J23: ='08.07.2026'!H25 -> 0 | K23: ='09.07.2026'!H25 -> 0 | L23: ='10.07.2026'!H25 -> 0 | M23: ='11.07.2026'!H25 -> 0 | O23: ='13.07.2026'!H25 -> 0 | P23: ='14.07.2026'!H25 -> 0 | Q23: ='15.07.2026'!H25 -> 0 | R23: ='16.07.2026'!H25 -> 0 | S23: ='17.07.2026'!H25 -> 0 | T23: ='18.07.2026'!H25 -> 0 | V23: ='20.07.2026'!H25 -> 0 | W23: ='21.07.2026'!H25 -> 0 | X23: ='22.07.2026'!H25 -> 0 | Y23: ='23.07.2026'!H25 -> 0 | Z23: ='24.07.2026'!H25 -> 0 | AA23: ='25.07.2026'!H25 -> 0 | AC23: ='27.07.2026'!H25 -> 0 | AD23: ='28.07.2026'!H25 -> 0 | AE23: ='29.07.2026'!H25 -> 0 | AF23: ='30.07.2026'!H25 -> 0 | AG23: ='31.07.2026'!H25 -> 0 | AI23: =SUM(C23:AF23) -> 0
A24: 11 | B24: Koncentrator | C24: ='01.07.2026'!H26 -> 0 | D24: ='02.07.2026'!H26 -> 0 | E24: ='03.07.2026'!H26 -> 0 | F24: ='04.07.2026'!H26 -> 0 | H24: ='06.07.2026'!H26 -> 0 | I24: ='07.07.2026'!H26 -> 0 | J24: ='08.07.2026'!H26 -> 0 | K24: ='09.07.2026'!H26 -> 0 | L24: ='10.07.2026'!H26 -> 0 | M24: ='11.07.2026'!H26 -> 0 | O24: ='13.07.2026'!H26 -> 0 | P24: ='14.07.2026'!H26 -> 0 | Q24: ='15.07.2026'!H26 -> 0 | R24: ='16.07.2026'!H26 -> 0 | S24: ='17.07.2026'!H26 -> 2 | T24: ='18.07.2026'!H26 -> 0 | V24: ='20.07.2026'!H26 -> 0 | W24: ='21.07.2026'!H26 -> 0 | X24: ='22.07.2026'!H26 -> 1 | Y24: ='23.07.2026'!H26 -> 0 | Z24: ='24.07.2026'!H26 -> 0 | AA24: ='25.07.2026'!H26 -> 0 | AC24: ='27.07.2026'!H26 -> 1 | AD24: ='28.07.2026'!H26 -> 1 | AE24: ='29.07.2026'!H26 -> 0 | AF24: ='30.07.2026'!H26 -> 0 | AG24: ='31.07.2026'!H26 -> 0 | AI24: =SUM(C24:AF24) -> 5
B26: DIREKT
A27: 1 | B27: Lidhje të reja | C27: ='01.07.2026'!H29 -> 0 | D27: ='02.07.2026'!H29 -> 0 | E27: ='03.07.2026'!H29 -> 0 | F27: ='04.07.2026'!H29 -> 0 | H27: ='06.07.2026'!H29 -> 0 | I27: ='07.07.2026'!H29 -> 0 | J27: ='08.07.2026'!H29 -> 0 | K27: ='09.07.2026'!H29 -> 0 | L27: ='10.07.2026'!H29 -> 0 | M27: ='11.07.2026'!H29 -> 0 | O27: ='13.07.2026'!H29 -> 0 | P27: ='14.07.2026'!H29 -> 0 | Q27: ='15.07.2026'!H29 -> 0 | R27: ='16.07.2026'!H29 -> 0 | S27: ='17.07.2026'!H29 -> 0 | T27: ='18.07.2026'!H29 -> 0 | V27: ='20.07.2026'!H29 -> 0 | W27: ='21.07.2026'!H29 -> 0 | X27: ='22.07.2026'!H29 -> 0 | Y27: ='23.07.2026'!H29 -> 0 | Z27: ='24.07.2026'!H29 -> 0 | AA27: ='25.07.2026'!H29 -> 0 | AC27: ='27.07.2026'!H29 -> 0 | AD27: ='28.07.2026'!H29 -> 0 | AE27: ='29.07.2026'!H29 -> 0 | AF27: ='30.07.2026'!H29 -> 0 | AG27: ='31.07.2026'!H29 -> 0 | AI27: =SUM(C27:AF27) -> 0
A28: 2 | B28: Ndërrime | C28: ='01.07.2026'!H30 -> 0 | D28: ='02.07.2026'!H30 -> 0 | E28: ='03.07.2026'!H30 -> 0 | F28: ='04.07.2026'!H30 -> 0 | H28: ='06.07.2026'!H30 -> 0 | I28: ='07.07.2026'!H30 -> 7 | J28: ='08.07.2026'!H30 -> 0 | K28: ='09.07.2026'!H30 -> 0 | L28: ='10.07.2026'!H30 -> 0 | M28: ='11.07.2026'!H30 -> 0 | O28: ='13.07.2026'!H30 -> 0 | P28: ='14.07.2026'!H30 -> 0 | Q28: ='15.07.2026'!H30 -> 0 | R28: ='16.07.2026'!H30 -> 0 | S28: ='17.07.2026'!H30 -> 0 | T28: ='18.07.2026'!H30 -> 0 | V28: ='20.07.2026'!H30 -> 1 | W28: ='21.07.2026'!H30 -> 0 | X28: ='22.07.2026'!H30 -> 1 | Y28: ='23.07.2026'!H30 -> 0 | Z28: ='24.07.2026'!H30 -> 0 | AA28: ='25.07.2026'!H30 -> 0 | AC28: ='27.07.2026'!H30 -> 0 | AD28: ='28.07.2026'!H30 -> 0 | AE28: ='29.07.2026'!H30 -> 0 | AF28: ='30.07.2026'!H30 -> 0 | AG28: ='31.07.2026'!H30 -> 0 | AI28: =SUM(C28:AF28) -> 9
A29: 3 | B29: PLC | C29: ='01.07.2026'!H31 -> 0 | D29: ='02.07.2026'!H31 -> 0 | E29: ='03.07.2026'!H31 -> 0 | F29: ='04.07.2026'!H31 -> 0 | H29: ='06.07.2026'!H31 -> 0 | I29: ='07.07.2026'!H31 -> 0 | J29: ='08.07.2026'!H31 -> 0 | K29: ='09.07.2026'!H31 -> 0 | L29: ='10.07.2026'!H31 -> 0 | M29: ='11.07.2026'!H31 -> 0 | O29: ='13.07.2026'!H31 -> 0 | P29: ='14.07.2026'!H31 -> 0 | Q29: ='15.07.2026'!H31 -> 0 | R29: ='16.07.2026'!H31 -> 0 | S29: ='17.07.2026'!H31 -> 0 | T29: ='18.07.2026'!H31 -> 0 | V29: ='20.07.2026'!H31 -> 0 | W29: ='21.07.2026'!H31 -> 0 | X29: ='22.07.2026'!H31 -> 0 | Y29: ='23.07.2026'!H31 -> 0 | Z29: ='24.07.2026'!H31 -> 0 | AA29: ='25.07.2026'!H31 -> 0 | AC29: ='27.07.2026'!H31 -> 0 | AD29: ='28.07.2026'!H31 -> 0 | AE29: ='29.07.2026'!H31 -> 0 | AF29: ='30.07.2026'!H31 -> 0 | AG29: ='31.07.2026'!H31 -> 0 | AI29: =SUM(C29:AF29) -> 0
A30: 4 | B30: Kontrollim me ZERA | C30: ='01.07.2026'!H32 -> 0 | D30: ='02.07.2026'!H32 -> 0 | E30: ='03.07.2026'!H32 -> 0 | F30: ='04.07.2026'!H32 -> 0 | H30: ='06.07.2026'!H32 -> 0 | I30: ='07.07.2026'!H32 -> 0 | J30: ='08.07.2026'!H32 -> 0 | K30: ='09.07.2026'!H32 -> 1 | L30: ='10.07.2026'!H32 -> 0 | M30: ='11.07.2026'!H32 -> 0 | O30: ='13.07.2026'!H32 -> 0 | P30: ='14.07.2026'!H32 -> 0 | Q30: ='15.07.2026'!H32 -> 0 | R30: ='16.07.2026'!H32 -> 0 | S30: ='17.07.2026'!H32 -> 0 | T30: ='18.07.2026'!H32 -> 0 | V30: ='20.07.2026'!H32 -> 0 | W30: ='21.07.2026'!H32 -> 0 | X30: ='22.07.2026'!H32 -> 0 | Y30: ='23.07.2026'!H32 -> 0 | Z30: ='24.07.2026'!H32 -> 0 | AA30: ='25.07.2026'!H32 -> 0 | AC30: ='27.07.2026'!H32 -> 0 | AD30: ='28.07.2026'!H32 -> 0 | AE30: ='29.07.2026'!H32 -> 0 | AF30: ='30.07.2026'!H32 -> 0 | AG30: ='31.07.2026'!H32 -> 0 | AI30: =SUM(C30:AF30) -> 1
A31: 5 | B31: Rregullim komunikimit dhe tjera | C31: ='01.07.2026'!H33 -> 20 | D31: ='02.07.2026'!H33 -> 24 | E31: ='03.07.2026'!H33 -> 2 | F31: ='04.07.2026'!H33 -> 0 | H31: ='06.07.2026'!H33 -> 3 | I31: ='07.07.2026'!H33 -> 0 | J31: ='08.07.2026'!H33 -> 2 | K31: ='09.07.2026'!H33 -> 0 | L31: ='10.07.2026'!H33 -> 2 | M31: ='11.07.2026'!H33 -> 0 | O31: ='13.07.2026'!H33 -> 4 | P31: ='14.07.2026'!H33 -> 1 | Q31: ='15.07.2026'!H33 -> 0 | R31: ='16.07.2026'!H33 -> 0 | S31: ='17.07.2026'!H33 -> 0 | T31: ='18.07.2026'!H33 -> 0 | V31: ='20.07.2026'!H33 -> 0 | W31: ='21.07.2026'!H33 -> 32 | X31: ='22.07.2026'!H33 -> 24 | Y31: ='23.07.2026'!H33 -> 38 | Z31: ='24.07.2026'!H33 -> 13 | AA31: ='25.07.2026'!H33 -> 0 | AC31: ='27.07.2026'!H33 -> 24 | AD31: ='28.07.2026'!H33 -> 34 | AE31: ='29.07.2026'!H33 -> 29 | AF31: ='30.07.2026'!H33 -> 14 | AG31: ='31.07.2026'!H33 -> 4 | AI31: =SUM(C31:AF31) -> 266

Sheet DGJ
A1: DGJ - RAPORT MUJOR - QERSHOR 2026
A2: NR | B2: KOMERCIAL | C2: 1 | D2: 2 | E2: 3 | F2: 4 | G2: 5 | H2: 6 | I2: 7 | J2: 8 | K2: 9 | L2: 10 | M2: 11 | N2: 12 | O2: 13 | P2: 14 | Q2: 15 | R2: 16 | S2: 17 | T2: 18 | U2: 19 | V2: 20 | W2: 21 | X2: 22 | Y2: 23 | Z2: 24 | AA2: 25 | AB2: 26 | AC2: 27 | AD2: 28 | AE2: 29 | AF2: 30 | AG2: 31 | AI2: Totali
A3: 1 | B3: Kontrollimi periodik i GM | C3: ='01.07.2026'!I5 -> 8 | D3: ='02.07.2026'!I5 -> 1 | E3: ='03.07.2026'!I5 -> 6 | F3: ='04.07.2026'!I5 -> 6 | H3: ='06.07.2026'!I5 -> 11 | I3: ='07.07.2026'!I5 -> 4 | J3: ='08.07.2026'!I5 -> 11 | K3: ='09.07.2026'!I5 -> 6 | L3: ='10.07.2026'!I5 -> 2 | M3: ='11.07.2026'!I5 -> 0 | O3: ='13.07.2026'!I5 -> 0 | P3: ='14.07.2026'!I5 -> 0 | Q3: ='15.07.2026'!I5 -> 0 | R3: ='16.07.2026'!I5 -> 0 | S3: ='17.07.2026'!I5 -> 3 | T3: ='18.07.2026'!I5 -> 0 | V3: ='20.07.2026'!I5 -> 0 | W3: ='21.07.2026'!I5 -> 2 | X3: ='22.07.2026'!I5 -> 0 | Y3: ='23.07.2026'!I5 -> 0 | Z3: ='24.07.2026'!I5 -> 0 | AA3: ='25.07.2026'!I5 -> 0 | AC3: ='27.07.2026'!I5 -> 3 | AD3: ='28.07.2026'!I5 -> 2 | AE3: ='29.07.2026'!I5 -> 0 | AF3: ='30.07.2026'!I5 -> 5 | AG3: ='31.07.2026'!I5 -> 6 | AI3: =SUM(C3:AF3) -> 70
A4: 2 | B4: Kontrollimi sipas DV i GM | C4: ='01.07.2026'!I6 -> 0 | D4: ='02.07.2026'!I6 -> 0 | E4: ='03.07.2026'!I6 -> 0 | F4: ='04.07.2026'!I6 -> 0 | H4: ='06.07.2026'!I6 -> 0 | I4: ='07.07.2026'!I6 -> 0 | J4: ='08.07.2026'!I6 -> 0 | K4: ='09.07.2026'!I6 -> 0 | L4: ='10.07.2026'!I6 -> 0 | M4: ='11.07.2026'!I6 -> 0 | O4: ='13.07.2026'!I6 -> 0 | P4: ='14.07.2026'!I6 -> 0 | Q4: ='15.07.2026'!I6 -> 0 | R4: ='16.07.2026'!I6 -> 0 | S4: ='17.07.2026'!I6 -> 0 | T4: ='18.07.2026'!I6 -> 0 | V4: ='20.07.2026'!I6 -> 0 | W4: ='21.07.2026'!I6 -> 0 | X4: ='22.07.2026'!I6 -> 0 | Y4: ='23.07.2026'!I6 -> 0 | Z4: ='24.07.2026'!I6 -> 0 | AA4: ='25.07.2026'!I6 -> 0 | AC4: ='27.07.2026'!I6 -> 0 | AD4: ='28.07.2026'!I6 -> 0 | AE4: ='29.07.2026'!I6 -> 0 | AF4: ='30.07.2026'!I6 -> 0 | AG4: ='31.07.2026'!I6 -> 0 | AI4: =SUM(C4:AF4) -> 0
A5: 3 | B5: Ndërrimi i TMRR-ve | C5: ='01.07.2026'!I7 -> 0 | D5: ='02.07.2026'!I7 -> 0 | E5: ='03.07.2026'!I7 -> 0 | F5: ='04.07.2026'!I7 -> 0 | H5: ='06.07.2026'!I7 -> 0 | I5: ='07.07.2026'!I7 -> 0 | J5: ='08.07.2026'!I7 -> 0 | K5: ='09.07.2026'!I7 -> 0 | L5: ='10.07.2026'!I7 -> 0 | M5: ='11.07.2026'!I7 -> 0 | O5: ='13.07.2026'!I7 -> 0 | P5: ='14.07.2026'!I7 -> 0 | Q5: ='15.07.2026'!I7 -> 0 | R5: ='16.07.2026'!I7 -> 0 | S5: ='17.07.2026'!I7 -> 0 | T5: ='18.07.2026'!I7 -> 0 | V5: ='20.07.2026'!I7 -> 0 | W5: ='21.07.2026'!I7 -> 0 | X5: ='22.07.2026'!I7 -> 0 | Y5: ='23.07.2026'!I7 -> 0 | Z5: ='24.07.2026'!I7 -> 0 | AA5: ='25.07.2026'!I7 -> 0 | AC5: ='27.07.2026'!I7 -> 0 | AD5: ='28.07.2026'!I7 -> 0 | AE5: ='29.07.2026'!I7 -> 0 | AF5: ='30.07.2026'!I7 -> 0 | AG5: ='31.07.2026'!I7 -> 0 | AI5: =SUM(C5:AF5) -> 0
A6: 4 | B6: Ndërrimi i njehsorit | C6: ='01.07.2026'!I8 -> 0 | D6: ='02.07.2026'!I8 -> 2 | E6: ='03.07.2026'!I8 -> 4 | F6: ='04.07.2026'!I8 -> 0 | H6: ='06.07.2026'!I8 -> 0 | I6: ='07.07.2026'!I8 -> 0 | J6: ='08.07.2026'!I8 -> 0 | K6: ='09.07.2026'!I8 -> 0 | L6: ='10.07.2026'!I8 -> 0 | M6: ='11.07.2026'!I8 -> 0 | O6: ='13.07.2026'!I8 -> 0 | P6: ='14.07.2026'!I8 -> 0 | Q6: ='15.07.2026'!I8 -> 0 | R6: ='16.07.2026'!I8 -> 0 | S6: ='17.07.2026'!I8 -> 0 | T6: ='18.07.2026'!I8 -> 0 | V6: ='20.07.2026'!I8 -> 0 | W6: ='21.07.2026'!I8 -> 0 | X6: ='22.07.2026'!I8 -> 0 | Y6: ='23.07.2026'!I8 -> 0 | Z6: ='24.07.2026'!I8 -> 0 | AA6: ='25.07.2026'!I8 -> 0 | AC6: ='27.07.2026'!I8 -> 0 | AD6: ='28.07.2026'!I8 -> 0 | AE6: ='29.07.2026'!I8 -> 0 | AF6: ='30.07.2026'!I8 -> 0 | AG6: ='31.07.2026'!I8 -> 0 | AI6: =SUM(C6:AF6) -> 6
A7: 5 | B7: Montimet e GM me PEE | C7: ='01.07.2026'!I9 -> 0 | D7: ='02.07.2026'!I9 -> 0 | E7: ='03.07.2026'!I9 -> 0 | F7: ='04.07.2026'!I9 -> 0 | H7: ='06.07.2026'!I9 -> 0 | I7: ='07.07.2026'!I9 -> 0 | J7: ='08.07.2026'!I9 -> 0 | K7: ='09.07.2026'!I9 -> 0 | L7: ='10.07.2026'!I9 -> 0 | M7: ='11.07.2026'!I9 -> 0 | O7: ='13.07.2026'!I9 -> 0 | P7: ='14.07.2026'!I9 -> 0 | Q7: ='15.07.2026'!I9 -> 0 | R7: ='16.07.2026'!I9 -> 0 | S7: ='17.07.2026'!I9 -> 0 | T7: ='18.07.2026'!I9 -> 0 | V7: ='20.07.2026'!I9 -> 0 | W7: ='21.07.2026'!I9 -> 0 | X7: ='22.07.2026'!I9 -> 0 | Y7: ='23.07.2026'!I9 -> 0 | Z7: ='24.07.2026'!I9 -> 1 | AA7: ='25.07.2026'!I9 -> 0 | AC7: ='27.07.2026'!I9 -> 0 | AD7: ='28.07.2026'!I9 -> 0 | AE7: ='29.07.2026'!I9 -> 0 | AF7: ='30.07.2026'!I9 -> 0 | AG7: ='31.07.2026'!I9 -> 0 | AI7: =SUM(C7:AF7) -> 1
A8: 6 | B8: Kontrollime me kërkesë të konsumatorit | C8: ='01.07.2026'!I10 -> 0 | D8: ='02.07.2026'!I10 -> 0 | E8: ='03.07.2026'!I10 -> 0 | F8: ='04.07.2026'!I10 -> 0 | H8: ='06.07.2026'!I10 -> 0 | I8: ='07.07.2026'!I10 -> 0 | J8: ='08.07.2026'!I10 -> 0 | K8: ='09.07.2026'!I10 -> 0 | L8: ='10.07.2026'!I10 -> 0 | M8: ='11.07.2026'!I10 -> 0 | O8: ='13.07.2026'!I10 -> 0 | P8: ='14.07.2026'!I10 -> 0 | Q8: ='15.07.2026'!I10 -> 0 | R8: ='16.07.2026'!I10 -> 0 | S8: ='17.07.2026'!I10 -> 0 | T8: ='18.07.2026'!I10 -> 0 | V8: ='20.07.2026'!I10 -> 0 | W8: ='21.07.2026'!I10 -> 0 | X8: ='22.07.2026'!I10 -> 0 | Y8: ='23.07.2026'!I10 -> 0 | Z8: ='24.07.2026'!I10 -> 0 | AA8: ='25.07.2026'!I10 -> 0 | AC8: ='27.07.2026'!I10 -> 0 | AD8: ='28.07.2026'!I10 -> 0 | AE8: ='29.07.2026'!I10 -> 0 | AF8: ='30.07.2026'!I10 -> 0 | AG8: ='31.07.2026'!I10 -> 0 | AI8: =SUM(C8:AF8) -> 0
A9: 7 | B9: Rregullimi i lidhjes | C9: ='01.07.2026'!I11 -> 0 | D9: ='02.07.2026'!I11 -> 0 | E9: ='03.07.2026'!I11 -> 0 | F9: ='04.07.2026'!I11 -> 0 | H9: ='06.07.2026'!I11 -> 0 | I9: ='07.07.2026'!I11 -> 0 | J9: ='08.07.2026'!I11 -> 0 | K9: ='09.07.2026'!I11 -> 0 | L9: ='10.07.2026'!I11 -> 0 | M9: ='11.07.2026'!I11 -> 0 | O9: ='13.07.2026'!I11 -> 0 | P9: ='14.07.2026'!I11 -> 0 | Q9: ='15.07.2026'!I11 -> 0 | R9: ='16.07.2026'!I11 -> 0 | S9: ='17.07.2026'!I11 -> 0 | T9: ='18.07.2026'!I11 -> 0 | V9: ='20.07.2026'!I11 -> 0 | W9: ='21.07.2026'!I11 -> 0 | X9: ='22.07.2026'!I11 -> 0 | Y9: ='23.07.2026'!I11 -> 0 | Z9: ='24.07.2026'!I11 -> 0 | AA9: ='25.07.2026'!I11 -> 0 | AC9: ='27.07.2026'!I11 -> 0 | AD9: ='28.07.2026'!I11 -> 2 | AE9: ='29.07.2026'!I11 -> 0 | AF9: ='30.07.2026'!I11 -> 0 | AG9: ='31.07.2026'!I11 -> 0 | AI9: =SUM(C9:AF9) -> 2
A10: 8 | B10: Rregullim i komunikimit | C10: ='01.07.2026'!I12 -> 0 | D10: ='02.07.2026'!I12 -> 0 | E10: ='03.07.2026'!I12 -> 0 | F10: ='04.07.2026'!I12 -> 0 | H10: ='06.07.2026'!I12 -> 0 | I10: ='07.07.2026'!I12 -> 0 | J10: ='08.07.2026'!I12 -> 0 | K10: ='09.07.2026'!I12 -> 0 | L10: ='10.07.2026'!I12 -> 0 | M10: ='11.07.2026'!I12 -> 0 | O10: ='13.07.2026'!I12 -> 0 | P10: ='14.07.2026'!I12 -> 0 | Q10: ='15.07.2026'!I12 -> 0 | R10: ='16.07.2026'!I12 -> 0 | S10: ='17.07.2026'!I12 -> 0 | T10: ='18.07.2026'!I12 -> 0 | V10: ='20.07.2026'!I12 -> 0 | W10: ='21.07.2026'!I12 -> 2 | X10: ='22.07.2026'!I12 -> 0 | Y10: ='23.07.2026'!I12 -> 4 | Z10: ='24.07.2026'!I12 -> 0 | AA10: ='25.07.2026'!I12 -> 0 | AC10: ='27.07.2026'!I12 -> 0 | AD10: ='28.07.2026'!I12 -> 0 | AE10: ='29.07.2026'!I12 -> 2 | AF10: ='30.07.2026'!I12 -> 1 | AG10: ='31.07.2026'!I12 -> 0 | AI10: =SUM(C10:AF10) -> 9
A11: 9 | B11: Lexim | C11: ='01.07.2026'!I13 -> 0 | D11: ='02.07.2026'!I13 -> 0 | E11: ='03.07.2026'!I13 -> 0 | F11: ='04.07.2026'!I13 -> 0 | H11: ='06.07.2026'!I13 -> 0 | I11: ='07.07.2026'!I13 -> 0 | J11: ='08.07.2026'!I13 -> 0 | K11: ='09.07.2026'!I13 -> 0 | L11: ='10.07.2026'!I13 -> 0 | M11: ='11.07.2026'!I13 -> 0 | O11: ='13.07.2026'!I13 -> 0 | P11: ='14.07.2026'!I13 -> 0 | Q11: ='15.07.2026'!I13 -> 0 | R11: ='16.07.2026'!I13 -> 0 | S11: ='17.07.2026'!I13 -> 0 | T11: ='18.07.2026'!I13 -> 0 | V11: ='20.07.2026'!I13 -> 0 | W11: ='21.07.2026'!I13 -> 0 | X11: ='22.07.2026'!I13 -> 0 | Y11: ='23.07.2026'!I13 -> 0 | Z11: ='24.07.2026'!I13 -> 0 | AA11: ='25.07.2026'!I13 -> 0 | AC11: ='27.07.2026'!I13 -> 0 | AD11: ='28.07.2026'!I13 -> 0 | AE11: ='29.07.2026'!I13 -> 0 | AF11: ='30.07.2026'!I13 -> 0 | AG11: ='31.07.2026'!I13 -> 0 | AI11: =SUM(C11:AF11) -> 0
B13: TRAFOREGJIONE
A14: 1 | B14: Kontrollimi i GM | C14: ='01.07.2026'!I16 -> 0 | D14: ='02.07.2026'!I16 -> 1 | E14: ='03.07.2026'!I16 -> 2 | F14: ='04.07.2026'!I16 -> 3 | H14: ='06.07.2026'!I16 -> 1 | I14: ='07.07.2026'!I16 -> 2 | J14: ='08.07.2026'!I16 -> 6 | K14: ='09.07.2026'!I16 -> 2 | L14: ='10.07.2026'!I16 -> 8 | M14: ='11.07.2026'!I16 -> 0 | O14: ='13.07.2026'!I16 -> 8 | P14: ='14.07.2026'!I16 -> 9 | Q14: ='15.07.2026'!I16 -> 9 | R14: ='16.07.2026'!I16 -> 9 | S14: ='17.07.2026'!I16 -> 4 | T14: ='18.07.2026'!I16 -> 0 | V14: ='20.07.2026'!I16 -> 6 | W14: ='21.07.2026'!I16 -> 3 | X14: ='22.07.2026'!I16 -> 0 | Y14: ='23.07.2026'!I16 -> 2 | Z14: ='24.07.2026'!I16 -> 3 | AA14: ='25.07.2026'!I16 -> 0 | AC14: ='27.07.2026'!I16 -> 7 | AD14: ='28.07.2026'!I16 -> 8 | AE14: ='29.07.2026'!I16 -> 10 | AF14: ='30.07.2026'!I16 -> 6 | AG14: ='31.07.2026'!I16 -> 6 | AI14: =SUM(C14:AF14) -> 109
A15: 2 | B15: Nderrimi i TMRR-ve | C15: ='01.07.2026'!I17 -> 0 | D15: ='02.07.2026'!I17 -> 0 | E15: ='03.07.2026'!I17 -> 0 | F15: ='04.07.2026'!I17 -> 0 | H15: ='06.07.2026'!I17 -> 0 | I15: ='07.07.2026'!I17 -> 0 | J15: ='08.07.2026'!I17 -> 0 | K15: ='09.07.2026'!I17 -> 0 | L15: ='10.07.2026'!I17 -> 0 | M15: ='11.07.2026'!I17 -> 0 | O15: ='13.07.2026'!I17 -> 0 | P15: ='14.07.2026'!I17 -> 0 | Q15: ='15.07.2026'!I17 -> 0 | R15: ='16.07.2026'!I17 -> 0 | S15: ='17.07.2026'!I17 -> 0 | T15: ='18.07.2026'!I17 -> 0 | V15: ='20.07.2026'!I17 -> 0 | W15: ='21.07.2026'!I17 -> 0 | X15: ='22.07.2026'!I17 -> 0 | Y15: ='23.07.2026'!I17 -> 0 | Z15: ='24.07.2026'!I17 -> 0 | AA15: ='25.07.2026'!I17 -> 0 | AC15: ='27.07.2026'!I17 -> 0 | AD15: ='28.07.2026'!I17 -> 0 | AE15: ='29.07.2026'!I17 -> 0 | AF15: ='30.07.2026'!I17 -> 0 | AG15: ='31.07.2026'!I17 -> 0 | AI15: =SUM(C15:AF15) -> 0
A16: 3 | B16: Ndrrimet i njehsorit | C16: ='01.07.2026'!I18 -> 0 | D16: ='02.07.2026'!I18 -> 0 | E16: ='03.07.2026'!I18 -> 1 | F16: ='04.07.2026'!I18 -> 1 | H16: ='06.07.2026'!I18 -> 0 | I16: ='07.07.2026'!I18 -> 0 | J16: ='08.07.2026'!I18 -> 0 | K16: ='09.07.2026'!I18 -> 0 | L16: ='10.07.2026'!I18 -> 3 | M16: ='11.07.2026'!I18 -> 0 | O16: ='13.07.2026'!I18 -> 0 | P16: ='14.07.2026'!I18 -> 0 | Q16: ='15.07.2026'!I18 -> 0 | R16: ='16.07.2026'!I18 -> 0 | S16: ='17.07.2026'!I18 -> 0 | T16: ='18.07.2026'!I18 -> 0 | V16: ='20.07.2026'!I18 -> 0 | W16: ='21.07.2026'!I18 -> 0 | X16: ='22.07.2026'!I18 -> 0 | Y16: ='23.07.2026'!I18 -> 0 | Z16: ='24.07.2026'!I18 -> 0 | AA16: ='25.07.2026'!I18 -> 0 | AC16: ='27.07.2026'!I18 -> 1 | AD16: ='28.07.2026'!I18 -> 1 | AE16: ='29.07.2026'!I18 -> 0 | AF16: ='30.07.2026'!I18 -> 1 | AG16: ='31.07.2026'!I18 -> 0 | AI16: =SUM(C16:AF16) -> 8
A17: 4 | B17: Montimet e GM | C17: ='01.07.2026'!I19 -> 0 | D17: ='02.07.2026'!I19 -> 0 | E17: ='03.07.2026'!I19 -> 0 | F17: ='04.07.2026'!I19 -> 0 | H17: ='06.07.2026'!I19 -> 0 | I17: ='07.07.2026'!I19 -> 1 | J17: ='08.07.2026'!I19 -> 0 | K17: ='09.07.2026'!I19 -> 0 | L17: ='10.07.2026'!I19 -> 0 | M17: ='11.07.2026'!I19 -> 0 | O17: ='13.07.2026'!I19 -> 0 | P17: ='14.07.2026'!I19 -> 0 | Q17: ='15.07.2026'!I19 -> 0 | R17: ='16.07.2026'!I19 -> 0 | S17: ='17.07.2026'!I19 -> 0 | T17: ='18.07.2026'!I19 -> 0 | V17: ='20.07.2026'!I19 -> 0 | W17: ='21.07.2026'!I19 -> 0 | X17: ='22.07.2026'!I19 -> 0 | Y17: ='23.07.2026'!I19 -> 1 | Z17: ='24.07.2026'!I19 -> 0 | AA17: ='25.07.2026'!I19 -> 0 | AC17: ='27.07.2026'!I19 -> 0 | AD17: ='28.07.2026'!I19 -> 0 | AE17: ='29.07.2026'!I19 -> 0 | AF17: ='30.07.2026'!I19 -> 0 | AG17: ='31.07.2026'!I19 -> 0 | AI17: =SUM(C17:AF17) -> 2
A18: 5 | B18: Rregullimi i lidhjes | C18: ='01.07.2026'!I20 -> 0 | D18: ='02.07.2026'!I20 -> 0 | E18: ='03.07.2026'!I20 -> 0 | F18: ='04.07.2026'!I20 -> 0 | H18: ='06.07.2026'!I20 -> 0 | I18: ='07.07.2026'!I20 -> 0 | J18: ='08.07.2026'!I20 -> 0 | K18: ='09.07.2026'!I20 -> 0 | L18: ='10.07.2026'!I20 -> 0 | M18: ='11.07.2026'!I20 -> 0 | O18: ='13.07.2026'!I20 -> 0 | P18: ='14.07.2026'!I20 -> 0 | Q18: ='15.07.2026'!I20 -> 0 | R18: ='16.07.2026'!I20 -> 0 | S18: ='17.07.2026'!I20 -> 0 | T18: ='18.07.2026'!I20 -> 0 | V18: ='20.07.2026'!I20 -> 0 | W18: ='21.07.2026'!I20 -> 0 | X18: ='22.07.2026'!I20 -> 0 | Y18: ='23.07.2026'!I20 -> 0 | Z18: ='24.07.2026'!I20 -> 0 | AA18: ='25.07.2026'!I20 -> 0 | AC18: ='27.07.2026'!I20 -> 0 | AD18: ='28.07.2026'!I20 -> 0 | AE18: ='29.07.2026'!I20 -> 0 | AF18: ='30.07.2026'!I20 -> 0 | AG18: ='31.07.2026'!I20 -> 0 | AI18: =SUM(C18:AF18) -> 0
A19: 6 | B19: Rregullim i fazimit, antenës, etj | C19: ='01.07.2026'!I21 -> 4 | D19: ='02.07.2026'!I21 -> 0 | E19: ='03.07.2026'!I21 -> 0 | F19: ='04.07.2026'!I21 -> 0 | H19: ='06.07.2026'!I21 -> 0 | I19: ='07.07.2026'!I21 -> 0 | J19: ='08.07.2026'!I21 -> 0 | K19: ='09.07.2026'!I21 -> 0 | L19: ='10.07.2026'!I21 -> 0 | M19: ='11.07.2026'!I21 -> 0 | O19: ='13.07.2026'!I21 -> 0 | P19: ='14.07.2026'!I21 -> 0 | Q19: ='15.07.2026'!I21 -> 0 | R19: ='16.07.2026'!I21 -> 0 | S19: ='17.07.2026'!I21 -> 0 | T19: ='18.07.2026'!I21 -> 0 | V19: ='20.07.2026'!I21 -> 0 | W19: ='21.07.2026'!I21 -> 0 | X19: ='22.07.2026'!I21 -> 0 | Y19: ='23.07.2026'!I21 -> 0 | Z19: ='24.07.2026'!I21 -> 1 | AA19: ='25.07.2026'!I21 -> 0 | AC19: ='27.07.2026'!I21 -> 0 | AD19: ='28.07.2026'!I21 -> 0 | AE19: ='29.07.2026'!I21 -> 0 | AF19: ='30.07.2026'!I21 -> 0 | AG19: ='31.07.2026'!I21 -> 0 | AI19: =SUM(C19:AF19) -> 5
A20: 7 | B20: Mbesin njehsorë të dëmtuar | C20: ='01.07.2026'!I22 -> 0 | D20: ='02.07.2026'!I22 -> 0 | E20: ='03.07.2026'!I22 -> 0 | F20: ='04.07.2026'!I22 -> 0 | H20: ='06.07.2026'!I22 -> 0 | I20: ='07.07.2026'!I22 -> 0 | J20: ='08.07.2026'!I22 -> 0 | K20: ='09.07.2026'!I22 -> 0 | L20: ='10.07.2026'!I22 -> 0 | M20: ='11.07.2026'!I22 -> 0 | O20: ='13.07.2026'!I22 -> 0 | P20: ='14.07.2026'!I22 -> 0 | Q20: ='15.07.2026'!I22 -> 0 | R20: ='16.07.2026'!I22 -> 0 | S20: ='17.07.2026'!I22 -> 0 | T20: ='18.07.2026'!I22 -> 0 | V20: ='20.07.2026'!I22 -> 0 | W20: ='21.07.2026'!I22 -> 0 | X20: ='22.07.2026'!I22 -> 0 | Y20: ='23.07.2026'!I22 -> 0 | Z20: ='24.07.2026'!I22 -> 0 | AA20: ='25.07.2026'!I22 -> 0 | AC20: ='27.07.2026'!I22 -> 0 | AD20: ='28.07.2026'!I22 -> 0 | AE20: ='29.07.2026'!I22 -> 0 | AF20: ='30.07.2026'!I22 -> 0 | AG20: ='31.07.2026'!I22 -> 0 | AI20: =SUM(C20:AF20) -> 0
A21: 8 | B21: Kontrollim sipas humbjeve | C21: ='01.07.2026'!I23 -> 0 | D21: ='02.07.2026'!I23 -> 0 | E21: ='03.07.2026'!I23 -> 0 | F21: ='04.07.2026'!I23 -> 0 | H21: ='06.07.2026'!I23 -> 0 | I21: ='07.07.2026'!I23 -> 0 | J21: ='08.07.2026'!I23 -> 0 | K21: ='09.07.2026'!I23 -> 0 | L21: ='10.07.2026'!I23 -> 0 | M21: ='11.07.2026'!I23 -> 0 | O21: ='13.07.2026'!I23 -> 0 | P21: ='14.07.2026'!I23 -> 0 | Q21: ='15.07.2026'!I23 -> 0 | R21: ='16.07.2026'!I23 -> 0 | S21: ='17.07.2026'!I23 -> 0 | T21: ='18.07.2026'!I23 -> 0 | V21: ='20.07.2026'!I23 -> 0 | W21: ='21.07.2026'!I23 -> 0 | X21: ='22.07.2026'!I23 -> 0 | Y21: ='23.07.2026'!I23 -> 0 | Z21: ='24.07.2026'!I23 -> 0 | AA21: ='25.07.2026'!I23 -> 0 | AC21: ='27.07.2026'!I23 -> 0 | AD21: ='28.07.2026'!I23 -> 0 | AE21: ='29.07.2026'!I23 -> 0 | AF21: ='30.07.2026'!I23 -> 0 | AG21: ='31.07.2026'!I23 -> 0 | AI21: =SUM(C21:AF21) -> 0
A22: 9 | B22: Rregullim pas vendosjes së ormanit të ri | C22: ='01.07.2026'!I24 -> 0 | D22: ='02.07.2026'!I24 -> 0 | E22: ='03.07.2026'!I24 -> 0 | F22: ='04.07.2026'!I24 -> 0 | H22: ='06.07.2026'!I24 -> 0 | I22: ='07.07.2026'!I24 -> 0 | J22: ='08.07.2026'!I24 -> 0 | K22: ='09.07.2026'!I24 -> 0 | L22: ='10.07.2026'!I24 -> 0 | M22: ='11.07.2026'!I24 -> 0 | O22: ='13.07.2026'!I24 -> 0 | P22: ='14.07.2026'!I24 -> 0 | Q22: ='15.07.2026'!I24 -> 0 | R22: ='16.07.2026'!I24 -> 0 | S22: ='17.07.2026'!I24 -> 0 | T22: ='18.07.2026'!I24 -> 0 | V22: ='20.07.2026'!I24 -> 0 | W22: ='21.07.2026'!I24 -> 0 | X22: ='22.07.2026'!I24 -> 0 | Y22: ='23.07.2026'!I24 -> 0 | Z22: ='24.07.2026'!I24 -> 0 | AA22: ='25.07.2026'!I24 -> 0 | AC22: ='27.07.2026'!I24 -> 0 | AD22: ='28.07.2026'!I24 -> 0 | AE22: ='29.07.2026'!I24 -> 0 | AF22: ='30.07.2026'!I24 -> 0 | AG22: ='31.07.2026'!I24 -> 0 | AI22: =SUM(C22:AF22) -> 0
A23: 10 | B23: Ndërrimet e TMRR pas ndërrimit të TR | C23: ='01.07.2026'!I25 -> 0 | D23: ='02.07.2026'!I25 -> 0 | E23: ='03.07.2026'!I25 -> 0 | F23: ='04.07.2026'!I25 -> 0 | H23: ='06.07.2026'!I25 -> 0 | I23: ='07.07.2026'!I25 -> 0 | J23: ='08.07.2026'!I25 -> 0 | K23: ='09.07.2026'!I25 -> 0 | L23: ='10.07.2026'!I25 -> 1 | M23: ='11.07.2026'!I25 -> 0 | O23: ='13.07.2026'!I25 -> 1 | P23: ='14.07.2026'!I25 -> 0 | Q23: ='15.07.2026'!I25 -> 0 | R23: ='16.07.2026'!I25 -> 0 | S23: ='17.07.2026'!I25 -> 0 | T23: ='18.07.2026'!I25 -> 0 | V23: ='20.07.2026'!I25 -> 0 | W23: ='21.07.2026'!I25 -> 0 | X23: ='22.07.2026'!I25 -> 0 | Y23: ='23.07.2026'!I25 -> 0 | Z23: ='24.07.2026'!I25 -> 2 | AA23: ='25.07.2026'!I25 -> 0 | AC23: ='27.07.2026'!I25 -> 0 | AD23: ='28.07.2026'!I25 -> 0 | AE23: ='29.07.2026'!I25 -> 0 | AF23: ='30.07.2026'!I25 -> 0 | AG23: ='31.07.2026'!I25 -> 0 | AI23: =SUM(C23:AF23) -> 4
A24: 11 | B24: Koncentrator | C24: ='01.07.2026'!I26 -> 0 | D24: ='02.07.2026'!I26 -> 1 | E24: ='03.07.2026'!I26 -> 0 | F24: ='04.07.2026'!I26 -> 0 | H24: ='06.07.2026'!I26 -> 3 | I24: ='07.07.2026'!I26 -> 0 | J24: ='08.07.2026'!I26 -> 0 | K24: ='09.07.2026'!I26 -> 0 | L24: ='10.07.2026'!I26 -> 0 | M24: ='11.07.2026'!I26 -> 0 | O24: ='13.07.2026'!I26 -> 0 | P24: ='14.07.2026'!I26 -> 0 | Q24: ='15.07.2026'!I26 -> 0 | R24: ='16.07.2026'!I26 -> 0 | S24: ='17.07.2026'!I26 -> 0 | T24: ='18.07.2026'!I26 -> 0 | V24: ='20.07.2026'!I26 -> 2 | W24: ='21.07.2026'!I26 -> 4 | X24: ='22.07.2026'!I26 -> 0 | Y24: ='23.07.2026'!I26 -> 1 | Z24: ='24.07.2026'!I26 -> 0 | AA24: ='25.07.2026'!I26 -> 0 | AC24: ='27.07.2026'!I26 -> 1 | AD24: ='28.07.2026'!I26 -> 3 | AE24: ='29.07.2026'!I26 -> 0 | AF24: ='30.07.2026'!I26 -> 2 | AG24: ='31.07.2026'!I26 -> 0 | AI24: =SUM(C24:AF24) -> 17
B26: DIREKT
A27: 1 | B27: Lidhje të reja | C27: ='01.07.2026'!I29 -> 0 | D27: ='02.07.2026'!I29 -> 0 | E27: ='03.07.2026'!I29 -> 0 | F27: ='04.07.2026'!I29 -> 0 | H27: ='06.07.2026'!I29 -> 0 | I27: ='07.07.2026'!I29 -> 2 | J27: ='08.07.2026'!I29 -> 0 | K27: ='09.07.2026'!I29 -> 0 | L27: ='10.07.2026'!I29 -> 0 | M27: ='11.07.2026'!I29 -> 0 | O27: ='13.07.2026'!I29 -> 0 | P27: ='14.07.2026'!I29 -> 0 | Q27: ='15.07.2026'!I29 -> 0 | R27: ='16.07.2026'!I29 -> 0 | S27: ='17.07.2026'!I29 -> 0 | T27: ='18.07.2026'!I29 -> 0 | V27: ='20.07.2026'!I29 -> 0 | W27: ='21.07.2026'!I29 -> 0 | X27: ='22.07.2026'!I29 -> 0 | Y27: ='23.07.2026'!I29 -> 0 | Z27: ='24.07.2026'!I29 -> 0 | AA27: ='25.07.2026'!I29 -> 0 | AC27: ='27.07.2026'!I29 -> 0 | AD27: ='28.07.2026'!I29 -> 0 | AE27: ='29.07.2026'!I29 -> 0 | AF27: ='30.07.2026'!I29 -> 0 | AG27: ='31.07.2026'!I29 -> 0 | AI27: =SUM(C27:AF27) -> 2
A28: 2 | B28: Ndërrime | C28: ='01.07.2026'!I30 -> 0 | D28: ='02.07.2026'!I30 -> 0 | E28: ='03.07.2026'!I30 -> 0 | F28: ='04.07.2026'!I30 -> 0 | H28: ='06.07.2026'!I30 -> 1 | I28: ='07.07.2026'!I30 -> 0 | J28: ='08.07.2026'!I30 -> 0 | K28: ='09.07.2026'!I30 -> 1 | L28: ='10.07.2026'!I30 -> 0 | M28: ='11.07.2026'!I30 -> 0 | O28: ='13.07.2026'!I30 -> 0 | P28: ='14.07.2026'!I30 -> 0 | Q28: ='15.07.2026'!I30 -> 0 | R28: ='16.07.2026'!I30 -> 0 | S28: ='17.07.2026'!I30 -> 0 | T28: ='18.07.2026'!I30 -> 0 | V28: ='20.07.2026'!I30 -> 0 | W28: ='21.07.2026'!I30 -> 0 | X28: ='22.07.2026'!I30 -> 0 | Y28: ='23.07.2026'!I30 -> 0 | Z28: ='24.07.2026'!I30 -> 1 | AA28: ='25.07.2026'!I30 -> 0 | AC28: ='27.07.2026'!I30 -> 0 | AD28: ='28.07.2026'!I30 -> 0 | AE28: ='29.07.2026'!I30 -> 0 | AF28: ='30.07.2026'!I30 -> 0 | AG28: ='31.07.2026'!I30 -> 0 | AI28: =SUM(C28:AF28) -> 3
A29: 3 | B29: PLC | C29: ='01.07.2026'!I31 -> 0 | D29: ='02.07.2026'!I31 -> 0 | E29: ='03.07.2026'!I31 -> 0 | F29: ='04.07.2026'!I31 -> 0 | H29: ='06.07.2026'!I31 -> 0 | I29: ='07.07.2026'!I31 -> 0 | J29: ='08.07.2026'!I31 -> 0 | K29: ='09.07.2026'!I31 -> 0 | L29: ='10.07.2026'!I31 -> 0 | M29: ='11.07.2026'!I31 -> 24 | O29: ='13.07.2026'!I31 -> 0 | P29: ='14.07.2026'!I31 -> 0 | Q29: ='15.07.2026'!I31 -> 0 | R29: ='16.07.2026'!I31 -> 0 | S29: ='17.07.2026'!I31 -> 0 | T29: ='18.07.2026'!I31 -> 10 | V29: ='20.07.2026'!I31 -> 0 | W29: ='21.07.2026'!I31 -> 0 | X29: ='22.07.2026'!I31 -> 2 | Y29: ='23.07.2026'!I31 -> 0 | Z29: ='24.07.2026'!I31 -> 0 | AA29: ='25.07.2026'!I31 -> 15 | AC29: ='27.07.2026'!I31 -> 0 | AD29: ='28.07.2026'!I31 -> 0 | AE29: ='29.07.2026'!I31 -> 3 | AF29: ='30.07.2026'!I31 -> 0 | AG29: ='31.07.2026'!I31 -> 3 | AI29: =SUM(C29:AF29) -> 54
A30: 4 | B30: Kontrollim me ZERA | C30: ='01.07.2026'!I32 -> 0 | D30: ='02.07.2026'!I32 -> 0 | E30: ='03.07.2026'!I32 -> 0 | F30: ='04.07.2026'!I32 -> 0 | H30: ='06.07.2026'!I32 -> 0 | I30: ='07.07.2026'!I32 -> 0 | J30: ='08.07.2026'!I32 -> 0 | K30: ='09.07.2026'!I32 -> 0 | L30: ='10.07.2026'!I32 -> 0 | M30: ='11.07.2026'!I32 -> 0 | O30: ='13.07.2026'!I32 -> 0 | P30: ='14.07.2026'!I32 -> 0 | Q30: ='15.07.2026'!I32 -> 0 | R30: ='16.07.2026'!I32 -> 0 | S30: ='17.07.2026'!I32 -> 0 | T30: ='18.07.2026'!I32 -> 0 | V30: ='20.07.2026'!I32 -> 0 | W30: ='21.07.2026'!I32 -> 0 | X30: ='22.07.2026'!I32 -> 0 | Y30: ='23.07.2026'!I32 -> 0 | Z30: ='24.07.2026'!I32 -> 0 | AA30: ='25.07.2026'!I32 -> 0 | AC30: ='27.07.2026'!I32 -> 0 | AD30: ='28.07.2026'!I32 -> 0 | AE30: ='29.07.2026'!I32 -> 0 | AF30: ='30.07.2026'!I32 -> 0 | AG30: ='31.07.2026'!I32 -> 0 | AI30: =SUM(C30:AF30) -> 0
A31: 5 | B31: Rregullim komunikimit dhe tjera | C31: ='01.07.2026'!I33 -> 8 | D31: ='02.07.2026'!I33 -> 11 | E31: ='03.07.2026'!I33 -> 0 | F31: ='04.07.2026'!I33 -> 0 | H31: ='06.07.2026'!I33 -> 0 | I31: ='07.07.2026'!I33 -> 0 | J31: ='08.07.2026'!I33 -> 0 | K31: ='09.07.2026'!I33 -> 0 | L31: ='10.07.2026'!I33 -> 0 | M31: ='11.07.2026'!I33 -> 0 | O31: ='13.07.2026'!I33 -> 0 | P31: ='14.07.2026'!I33 -> 0 | Q31: ='15.07.2026'!I33 -> 0 | R31: ='16.07.2026'!I33 -> 0 | S31: ='17.07.2026'!I33 -> 1 | T31: ='18.07.2026'!I33 -> 0 | V31: ='20.07.2026'!I33 -> 1 | W31: ='21.07.2026'!I33 -> 1 | X31: ='22.07.2026'!I33 -> 10 | Y31: ='23.07.2026'!I33 -> 0 | Z31: ='24.07.2026'!I33 -> 0 | AA31: ='25.07.2026'!I33 -> 0 | AC31: ='27.07.2026'!I33 -> 5 | AD31: ='28.07.2026'!I33 -> 1 | AE31: ='29.07.2026'!I33 -> 1 | AF31: ='30.07.2026'!I33 -> 7 | AG31: ='31.07.2026'!I33 -> 2 | AI31: =SUM(C31:AF31) -> 46

Sheet Performanca
B2: DPR | C2: DMI | D2: DPE | E2: DPZ | F2: DFE | G2: DGL | H2: DGJ
A3: 46204 | B3: ='01.07.2026'!K3 -> 5.125 | C3: ='01.07.2026'!L3 -> 5 | D3: ='01.07.2026'!M3 -> 5.5416667 | E3: ='01.07.2026'!N3 -> 17.833333 | F3: ='01.07.2026'!O3 -> 4.6666667 | G3: ='01.07.2026'!P3 -> 5 | H3: ='01.07.2026'!Q3 -> 5.6666667
A4: 46205 | B4: ='02.07.2026'!K3 -> 4.0833333 | C4: ='02.07.2026'!L3 -> 5 | D4: ='02.07.2026'!M3 -> 5.375 | E4: ='02.07.2026'!N3 -> 4.5 | F4: ='02.07.2026'!O3 -> #DIV/0! | G4: ='02.07.2026'!P3 -> 6 | H4: ='02.07.2026'!Q3 -> 4.75
A5: 46206 | B5: ='03.07.2026'!K3 -> 5.25 | C5: ='03.07.2026'!L3 -> 4.625 | D5: ='03.07.2026'!M3 -> 4.5 | E5: ='03.07.2026'!N3 -> 3.75 | F5: ='03.07.2026'!O3 -> #DIV/0! | G5: ='03.07.2026'!P3 -> 4 | H5: ='03.07.2026'!Q3 -> 5.5
A6: 46207 | B6: ='04.07.2026'!K3 -> 7.1666667 | C6: ='04.07.2026'!L3 -> 7.5 | D6: ='04.07.2026'!M3 -> 7 | E6: ='04.07.2026'!N3 -> 10 | F6: ='04.07.2026'!O3 -> #DIV/0! | G6: ='04.07.2026'!P3 -> #DIV/0! | H6: ='04.07.2026'!Q3 -> 7.75
A7: 46209 | B7: ='06.07.2026'!K3 -> 4.7083333 | C7: ='06.07.2026'!L3 -> 4.75 | D7: ='06.07.2026'!M3 -> 6 | E7: ='06.07.2026'!N3 -> 6.875 | F7: ='06.07.2026'!O3 -> #DIV/0! | G7: ='06.07.2026'!P3 -> 5.375 | H7: ='06.07.2026'!Q3 -> 5.75
A8: 46210 | B8: ='07.07.2026'!K3 -> 6.25 | C8: ='07.07.2026'!L3 -> 5.625 | D8: ='07.07.2026'!M3 -> 5 | E8: ='07.07.2026'!N3 -> 7.375 | F8: ='07.07.2026'!O3 -> #DIV/0! | G8: ='07.07.2026'!P3 -> 6.125 | H8: ='07.07.2026'!Q3 -> 6.25
A9: 46211 | B9: ='08.07.2026'!K3 -> 5.8125 | C9: ='08.07.2026'!L3 -> 6 | D9: ='08.07.2026'!M3 -> 6.375 | E9: ='08.07.2026'!N3 -> 6.625 | F9: ='08.07.2026'!O3 -> #DIV/0! | G9: ='08.07.2026'!P3 -> 4.5 | H9: ='08.07.2026'!Q3 -> 6.375
A10: 46212 | B10: ='09.07.2026'!K3 -> 5.0625 | C10: ='09.07.2026'!L3 -> 6 | D10: ='09.07.2026'!M3 -> 6.75 | E10: ='09.07.2026'!N3 -> 7.5 | F10: ='09.07.2026'!O3 -> #DIV/0! | G10: ='09.07.2026'!P3 -> 6.875 | H10: ='09.07.2026'!Q3 -> 7
A11: 46213 | B11: ='10.07.2026'!K3 -> 6 | C11: ='10.07.2026'!L3 -> 6 | D11: ='10.07.2026'!M3 -> 6.5 | E11: ='10.07.2026'!N3 -> 5.5 | F11: ='10.07.2026'!O3 -> #DIV/0! | G11: ='10.07.2026'!P3 -> 6.125 | H11: ='10.07.2026'!Q3 -> 5.75
A12: 46214 | B12: ='11.07.2026'!K3 -> #DIV/0! | C12: ='11.07.2026'!L3 -> #DIV/0! | D12: ='11.07.2026'!M3 -> #DIV/0! | E12: ='11.07.2026'!N3 -> 12 | F12: ='11.07.2026'!O3 -> #DIV/0! | G12: ='11.07.2026'!P3 -> #DIV/0! | H12: ='11.07.2026'!Q3 -> 12
A13: 46216 | B13: ='13.07.2026'!K3 -> 6.0625 | C13: ='13.07.2026'!L3 -> 5.625 | D13: ='13.07.2026'!M3 -> 6.125 | E13: ='13.07.2026'!N3 -> 7.5 | F13: ='13.07.2026'!O3 -> #DIV/0! | G13: ='13.07.2026'!P3 -> 6.25 | H13: ='13.07.2026'!Q3 -> 7
A14: 46217 | B14: ='14.07.2026'!K3 -> 5.625 | C14: ='14.07.2026'!L3 -> 6 | D14: ='14.07.2026'!M3 -> 5.2916667 | E14: ='14.07.2026'!N3 -> 8.25 | F14: ='14.07.2026'!O3 -> #DIV/0! | G14: ='14.07.2026'!P3 -> 7.75 | H14: ='14.07.2026'!Q3 -> 6.75
A15: 46218 | B15: ='15.07.2026'!K3 -> 4.5833333 | C15: ='15.07.2026'!L3 -> 6 | D15: ='15.07.2026'!M3 -> 5.625 | E15: ='15.07.2026'!N3 -> 7 | F15: ='15.07.2026'!O3 -> #DIV/0! | G15: ='15.07.2026'!P3 -> 7.125 | H15: ='15.07.2026'!Q3 -> 6.75
A16: 46219 | B16: ='16.07.2026'!K3 -> 5.9166667 | C16: ='16.07.2026'!L3 -> 5.625 | D16: ='16.07.2026'!M3 -> 8.875 | E16: ='16.07.2026'!N3 -> 10.75 | F16: ='16.07.2026'!O3 -> #DIV/0! | G16: ='16.07.2026'!P3 -> 6.75 | H16: ='16.07.2026'!Q3 -> 6.75
A17: 46220 | B17: ='17.07.2026'!K3 -> 5.75 | C17: ='17.07.2026'!L3 -> 3 | D17: ='17.07.2026'!M3 -> 7.25 | E17: ='17.07.2026'!N3 -> 8.75 | F17: ='17.07.2026'!O3 -> #DIV/0! | G17: ='17.07.2026'!P3 -> 7.5 | H17: ='17.07.2026'!Q3 -> 5.75
A18: 46221 | B18: ='18.07.2026'!K3 -> #DIV/0! | C18: ='18.07.2026'!L3 -> #DIV/0! | D18: ='18.07.2026'!M3 -> #DIV/0! | E18: ='18.07.2026'!N3 -> 8 | F18: ='18.07.2026'!O3 -> #DIV/0! | G18: ='18.07.2026'!P3 -> #DIV/0! | H18: ='18.07.2026'!Q3 -> 10
A19: 46223 | B19: ='20.07.2026'!K3 -> 4.1666667 | C19: ='20.07.2026'!L3 -> 5.5 | D19: ='20.07.2026'!M3 -> 6.125 | E19: ='20.07.2026'!N3 -> 7.5 | F19: ='20.07.2026'!O3 -> #DIV/0! | G19: ='20.07.2026'!P3 -> 7.25 | H19: ='20.07.2026'!Q3 -> 6
A20: 46224 | B20: ='21.07.2026'!K3 -> 4.3333333 | C20: ='21.07.2026'!L3 -> 6.625 | D20: ='21.07.2026'!M3 -> 6.625 | E20: ='21.07.2026'!N3 -> 23 | F20: ='21.07.2026'!O3 -> #DIV/0! | G20: ='21.07.2026'!P3 -> 8.375 | H20: ='21.07.2026'!Q3 -> 7.25
A21: 46225 | B21: ='22.07.2026'!K3 -> 3.0833333 | C21: ='22.07.2026'!L3 -> 14.875 | D21: ='22.07.2026'!M3 -> 8.75 | E21: ='22.07.2026'!N3 -> 9.0416667 | F21: ='22.07.2026'!O3 -> #DIV/0! | G21: ='22.07.2026'!P3 -> 8 | H21: ='22.07.2026'!Q3 -> 7
A22: 46226 | B22: ='23.07.2026'!K3 -> 5.9166667 | C22: ='23.07.2026'!L3 -> 6.75 | D22: ='23.07.2026'!M3 -> 5.0416667 | E22: ='23.07.2026'!N3 -> 8 | F22: ='23.07.2026'!O3 -> #DIV/0! | G22: ='23.07.2026'!P3 -> 9.5 | H22: ='23.07.2026'!Q3 -> 4.75
A23: 46227 | B23: ='24.07.2026'!K3 -> 5.25 | C23: ='24.07.2026'!L3 -> 6.375 | D23: ='24.07.2026'!M3 -> 5.7916667 | E23: ='24.07.2026'!N3 -> 8.7916667 | F23: ='24.07.2026'!O3 -> #DIV/0! | G23: ='24.07.2026'!P3 -> 5.875 | H23: ='24.07.2026'!Q3 -> 6.3333333
A24: 46228 | B24: ='25.07.2026'!K3 -> #DIV/0! | C24: ='25.07.2026'!L3 -> #DIV/0! | D24: ='25.07.2026'!M3 -> #DIV/0! | E24: ='25.07.2026'!N3 -> 11 | F24: ='25.07.2026'!O3 -> #DIV/0! | G24: ='25.07.2026'!P3 -> #DIV/0! | H24: ='25.07.2026'!Q3 -> 15
A25: 46230 | B25: ='27.07.2026'!K3 -> 5.1666667 | C25: ='27.07.2026'!L3 -> 6.625 | D25: ='27.07.2026'!M3 -> 5.625 | E25: ='27.07.2026'!N3 -> 6.8333333 | F25: ='27.07.2026'!O3 -> #DIV/0! | G25: ='27.07.2026'!P3 -> 7.125 | H25: ='27.07.2026'!Q3 -> 5.75
A26: 46231 | B26: ='28.07.2026'!K3 -> 5.0833333 | C26: ='28.07.2026'!L3 -> 6.75 | D26: ='28.07.2026'!M3 -> 4.3333333 | E26: ='28.07.2026'!N3 -> 4.75 | F26: ='28.07.2026'!O3 -> #DIV/0! | G26: ='28.07.2026'!P3 -> 8.75 | H26: ='28.07.2026'!Q3 -> 6.25
A27: 46232 | B27: ='29.07.2026'!K3 -> 5.5833333 | C27: ='29.07.2026'!L3 -> 3.5 | D27: ='29.07.2026'!M3 -> 6.9166667 | E27: ='29.07.2026'!N3 -> 8.625 | F27: ='29.07.2026'!O3 -> #DIV/0! | G27: ='29.07.2026'!P3 -> 7.625 | H27: ='29.07.2026'!Q3 -> 6
A28: 46233 | B28: ='30.07.2026'!K3 -> 6.0833333 | C28: ='30.07.2026'!L3 -> 7.625 | D28: ='30.07.2026'!M3 -> 4.7083333 | E28: ='30.07.2026'!N3 -> 15 | F28: ='30.07.2026'!O3 -> #DIV/0! | G28: ='30.07.2026'!P3 -> 6.25 | H28: ='30.07.2026'!Q3 -> 7.125
A29: 46234 | B29: ='31.07.2026'!K3 -> 5.0833333 | C29: ='31.07.2026'!L3 -> 6.125 | D29: ='31.07.2026'!M3 -> 6.125 | E29: ='31.07.2026'!N3 -> 5.5 | F29: ='31.07.2026'!O3 -> #DIV/0! | G29: ='31.07.2026'!P3 -> 5.5 | H29: ='31.07.2026'!Q3 -> 6.5
A32: Mesatarja | B32: =_xlfn.AGGREGATE(1,6,B3:B29) -> 5.2977431 | C32: =_xlfn.AGGREGATE(1,6,C3:C29) -> 6.1458333 | D32: =_xlfn.AGGREGATE(1,6,D3:D29) -> 6.09375 | E32: =_xlfn.AGGREGATE(1,6,E3:E29) -> 8.8981481 | F32: =_xlfn.AGGREGATE(1,6,F3:F29) -> 4.6666667 | G32: =_xlfn.AGGREGATE(1,6,G3:G29) -> 6.6793478 | H32: =_xlfn.AGGREGATE(1,6,H3:H29) -> 6.9537037

Sheet TOTALI
C2: DPR | D2: DMI | E2: DPE | F2: DPZ | G2: DFE | H2: DGL | I2: DGJ | K2: Totali
B3: Numri i ekipeve
A4: NR | B4: KOMERCIAL
A5: 1 | B5: Kontrollimi periodik i GM | C5: =DPR!AI3 -> 206 | D5: =DMI!AI3 -> 59 | E5: =DPE!AI3 -> 43 | F5: =DPZ!AI3 -> 85 | G5: =DFE!AI3 -> 0 | H5: =DGL!AI3 -> 87 | I5: =DGJ!AI3 -> 70 | K5: =SUM(C5:I5) -> 550
A6: 2 | B6: Kontrollimi sipas DV i GM | C6: =DPR!AI4 -> 0 | D6: =DMI!AI4 -> 0 | E6: =DPE!AI4 -> 1 | F6: =DPZ!AI4 -> 0 | G6: =DFE!AI4 -> 0 | H6: =DGL!AI4 -> 1 | I6: =DGJ!AI4 -> 0 | K6: =SUM(C6:I6) -> 2
A7: 3 | B7: Ndërrimi i TMRR-ve | C7: =DPR!AI5 -> 4 | D7: =DMI!AI5 -> 0 | E7: =DPE!AI5 -> 1 | F7: =DPZ!AI5 -> 0 | G7: =DFE!AI5 -> 0 | H7: =DGL!AI5 -> 0 | I7: =DGJ!AI5 -> 0 | K7: =SUM(C7:I7) -> 5
A8: 4 | B8: Ndërrimi i njehsorit | C8: =DPR!AI6 -> 6 | D8: =DMI!AI6 -> 0 | E8: =DPE!AI6 -> 7 | F8: =DPZ!AI6 -> 0 | G8: =DFE!AI6 -> 0 | H8: =DGL!AI6 -> 8 | I8: =DGJ!AI6 -> 6 | K8: =SUM(C8:I8) -> 27
A9: 5 | B9: Montimet e GM me PEE | C9: =DPR!AI7 -> 12 | D9: =DMI!AI7 -> 8 | E9: =DPE!AI7 -> 1 | F9: =DPZ!AI7 -> 3 | G9: =DFE!AI7 -> 0 | H9: =DGL!AI7 -> 3 | I9: =DGJ!AI7 -> 1 | K9: =SUM(C9:I9) -> 28
A10: 6 | B10: Kontrollime me kërkesë të konsumatorit | C10: =DPR!AI8 -> 0 | D10: =DMI!AI8 -> 0 | E10: =DPE!AI8 -> 0 | F10: =DPZ!AI8 -> 0 | G10: =DFE!AI8 -> 0 | H10: =DGL!AI8 -> 0 | I10: =DGJ!AI8 -> 0 | K10: =SUM(C10:I10) -> 0
A11: 7 | B11: Rregullimi i lidhjes | C11: =DPR!AI9 -> 2 | D11: =DMI!AI9 -> 0 | E11: =DPE!AI9 -> 1 | F11: =DPZ!AI9 -> 0 | G11: =DFE!AI9 -> 0 | H11: =DGL!AI9 -> 2 | I11: =DGJ!AI9 -> 2 | K11: =SUM(C11:I11) -> 7
A12: 8 | B12: Rregullim i komunikimit | C12: =DPR!AI10 -> 10 | D12: =DMI!AI10 -> 5 | E12: =DPE!AI10 -> 3 | F12: =DPZ!AI10 -> 13 | G12: =DFE!AI10 -> 0 | H12: =DGL!AI10 -> 0 | I12: =DGJ!AI10 -> 9 | K12: =SUM(C12:I12) -> 40
A13: 9 | B13: Lexim | C13: =DPR!AI11 -> 37 | D13: =DMI!AI11 -> 0 | E13: =DPE!AI11 -> 260 | F13: =DPZ!AI11 -> 4 | G13: =DFE!AI11 -> 5 | H13: =DGL!AI11 -> 0 | I13: =DGJ!AI11 -> 0 | K13: =SUM(C13:I13) -> 306
B15: TRAFOREGJIONE
A16: 1 | B16: Kontrollimi i GM | C16: =DPR!AI14 -> 178 | D16: =DMI!AI14 -> 179 | E16: =DPE!AI14 -> 127 | F16: =DPZ!AI14 -> 89 | G16: =DFE!AI14 -> 0 | H16: =DGL!AI14 -> 78 | I16: =DGJ!AI14 -> 109 | K16: =SUM(C16:I16) -> 760
A17: 2 | B17: Nderrimi i TMRR-ve | C17: =DPR!AI15 -> 1 | D17: =DMI!AI15 -> 0 | E17: =DPE!AI15 -> 4 | F17: =DPZ!AI15 -> 1 | G17: =DFE!AI15 -> 0 | H17: =DGL!AI15 -> 0 | I17: =DGJ!AI15 -> 0 | K17: =SUM(C17:I17) -> 6
A18: 3 | B18: Ndrrimet i njehsorit | C18: =DPR!AI16 -> 2 | D18: =DMI!AI16 -> 4 | E18: =DPE!AI16 -> 4 | F18: =DPZ!AI16 -> 2 | G18: =DFE!AI16 -> 0 | H18: =DGL!AI16 -> 10 | I18: =DGJ!AI16 -> 8 | K18: =SUM(C18:I18) -> 30
A19: 4 | B19: Montimet e GM | C19: =DPR!AI17 -> 9 | D19: =DMI!AI17 -> 7 | E19: =DPE!AI17 -> 5 | F19: =DPZ!AI17 -> 2 | G19: =DFE!AI17 -> 0 | H19: =DGL!AI17 -> 4 | I19: =DGJ!AI17 -> 2 | K19: =SUM(C19:I19) -> 29
A20: 5 | B20: Rregullimi i lidhjes | C20: =DPR!AI18 -> 2 | D20: =DMI!AI18 -> 1 | E20: =DPE!AI18 -> 2 | F20: =DPZ!AI18 -> 3 | G20: =DFE!AI18 -> 0 | H20: =DGL!AI18 -> 0 | I20: =DGJ!AI18 -> 0 | K20: =SUM(C20:I20) -> 8
A21: 6 | B21: Rregullim i komunikimit | C21: =DPR!AI19 -> 0 | D21: =DMI!AI19 -> 4 | E21: =DPE!AI19 -> 1 | F21: =DPZ!AI19 -> 6 | G21: =DFE!AI19 -> 0 | H21: =DGL!AI19 -> 0 | I21: =DGJ!AI19 -> 5 | K21: =SUM(C21:I21) -> 16
A22: 7 | B22: Mbesin njehsorë të dëmtuar | C22: =DPR!AI20 -> 0 | D22: =DMI!AI20 -> 2 | E22: =DPE!AI20 -> 0 | F22: =DPZ!AI20 -> 0 | G22: =DFE!AI20 -> 0 | H22: =DGL!AI20 -> 0 | I22: =DGJ!AI20 -> 0 | K22: =SUM(C22:I22) -> 2
A23: 8 | B23: Kontrollim sipas humbjeve | C23: =DPR!AI21 -> 0 | D23: =DMI!AI21 -> 0 | E23: =DPE!AI21 -> 0 | F23: =DPZ!AI21 -> 0 | G23: =DFE!AI21 -> 0 | H23: =DGL!AI21 -> 0 | I23: =DGJ!AI21 -> 0 | K23: =SUM(C23:I23) -> 0
A24: 9 | B24: Rregullim pas vendosjes së ormanit të ri | C24: =DPR!AI22 -> 0 | D24: =DMI!AI22 -> 0 | E24: =DPE!AI22 -> 0 | F24: =DPZ!AI22 -> 0 | G24: =DFE!AI22 -> 0 | H24: =DGL!AI22 -> 1 | I24: =DGJ!AI22 -> 0 | K24: =SUM(C24:I24) -> 1
A25: 10 | B25: Ndërrimet e TMRR pas ndërrimit të TR | C25: =DPR!AI23 -> 0 | D25: =DMI!AI23 -> 0 | E25: =DPE!AI23 -> 0 | F25: =DPZ!AI23 -> 0 | G25: =DFE!AI23 -> 0 | H25: =DGL!AI23 -> 0 | I25: =DGJ!AI23 -> 4 | K25: =SUM(C25:I25) -> 4
A26: 11 | B26: Koncentrator | C26: =DPR!AI24 -> 28 | D26: =DMI!AI24 -> 3 | E26: =DPE!AI24 -> 11 | F26: =DPZ!AI24 -> 4 | G26: =DFE!AI24 -> 0 | H26: =DGL!AI24 -> 5 | I26: =DGJ!AI24 -> 17 | K26: =SUM(C26:I26) -> 68
B28: DIREKT
A29: 1 | B29: Lidhje të reja | C29: =DPR!AI27 -> 1 | D29: =DMI!AI27 -> 0 | E29: =DPE!AI27 -> 0 | F29: =DPZ!AI27 -> 1 | G29: =DFE!AI27 -> 0 | H29: =DGL!AI27 -> 0 | I29: =DGJ!AI27 -> 2 | K29: =SUM(C29:I29) -> 4
A30: 2 | B30: Ndërrime | C30: =DPR!AI28 -> 16 | D30: =DMI!AI28 -> 2 | E30: =DPE!AI28 -> 1 | F30: =DPZ!AI28 -> 0 | G30: =DFE!AI28 -> 0 | H30: =DGL!AI28 -> 9 | I30: =DGJ!AI28 -> 3 | K30: =SUM(C30:I30) -> 31
A31: 3 | B31: PLC | C31: =DPR!AI29 -> 14 | D31: =DMI!AI29 -> 0 | E31: =DPE!AI29 -> 1 | F31: =DPZ!AI29 -> 28 | G31: =DFE!AI29 -> 0 | H31: =DGL!AI29 -> 0 | I31: =DGJ!AI29 -> 54 | K31: =SUM(C31:I31) -> 97
A32: 4 | B32: Kontrollim me ZERA | C32: =DPR!AI30 -> 0 | D32: =DMI!AI30 -> 2 | E32: =DPE!AI30 -> 0 | F32: =DPZ!AI30 -> 4 | G32: =DFE!AI30 -> 0 | H32: =DGL!AI30 -> 1 | I32: =DGJ!AI30 -> 0 | K32: =SUM(C32:I32) -> 7
A33: 5 | B33: Rregullim komunikimit dhe tjera | C33: =DPR!AI31 -> 59 | D33: =DMI!AI31 -> 141 | E33: =DPE!AI31 -> 31 | F33: =DPZ!AI31 -> 247 | G33: =DFE!AI31 -> 6 | H33: =DGL!AI31 -> 266 | I33: =DGJ!AI31 -> 46 | K33: =SUM(C33:I33) -> 796
B35: Total raste: | C35: =SUM(C5:C13,C16:C26,C29:C33) -> 587 | D35: =SUM(D5:D13,D16:D26,D29:D33) -> 417 | E35: =SUM(E5:E13,E16:E26,E29:E33) -> 504 | F35: =SUM(F5:F13,F16:F26,F29:F33) -> 492 | G35: =SUM(G5:G13,G16:G26,G29:G33) -> 11 | H35: =SUM(H5:H13,H16:H26,H29:H33) -> 475 | I35: =SUM(I5:I13,I16:I26,I29:I33) -> 338

Sheet Nr. i ekipeve
A1: NUMRI I EKIPEVE
B2: 1 | C2: 2 | D2: 3 | E2: 4 | F2: 5 | G2: 6 | H2: 7 | I2: 8 | J2: 9 | K2: 10 | L2: 11 | M2: 12 | N2: 13 | O2: 14 | P2: 15 | Q2: 16 | R2: 17 | S2: 18 | T2: 19 | U2: 20 | V2: 21 | W2: 22 | X2: 23 | Y2: 24 | Z2: 25 | AA2: 26 | AB2: 27 | AC2: 28 | AD2: 29 | AE2: 30 | AF2: 31
A3: DPR | B3: ='01.07.2026'!C3 -> 4 | C3: ='02.07.2026'!C3 -> 3 | D3: ='03.07.2026'!C3 -> 3 | E3: ='04.07.2026'!C3 -> 3 | G3: ='06.07.2026'!C3 -> 4 | H3: ='07.07.2026'!C3 -> 4 | I3: ='08.07.2026'!C3 -> 4 | J3: ='09.07.2026'!C3 -> 4 | K3: ='10.07.2026'!C3 -> 4 | L3: ='11.07.2026'!C3 -> 0 | N3: ='13.07.2026'!C3 -> 4 | O3: ='14.07.2026'!C3 -> 4 | P3: ='15.07.2026'!C3 -> 3 | Q3: ='16.07.2026'!C3 -> 3 | R3: ='17.07.2026'!C3 -> 3 | S3: ='18.07.2026'!C3 -> 0 | U3: ='20.07.2026'!C3 -> 3 | V3: ='21.07.2026'!C3 -> 3 | W3: ='22.07.2026'!C3 -> 3 | X3: ='23.07.2026'!C3 -> 3 | Y3: ='24.07.2026'!C3 -> 3 | Z3: ='25.07.2026'!C3 -> 0 | AB3: ='27.07.2026'!C3 -> 3 | AC3: ='28.07.2026'!C3 -> 3 | AD3: ='29.07.2026'!C3 -> 3 | AE3: ='30.07.2026'!C3 -> 3 | AF3: ='31.07.2026'!C3 -> 3
A4: DMI | B4: ='01.07.2026'!D3 -> 2 | C4: ='02.07.2026'!D3 -> 2 | D4: ='03.07.2026'!D3 -> 2 | E4: ='04.07.2026'!D3 -> 1 | G4: ='06.07.2026'!D3 -> 2 | H4: ='07.07.2026'!D3 -> 2 | I4: ='08.07.2026'!D3 -> 2 | J4: ='09.07.2026'!D3 -> 2 | K4: ='10.07.2026'!D3 -> 2 | L4: ='11.07.2026'!D3 -> 0 | N4: ='13.07.2026'!D3 -> 2 | O4: ='14.07.2026'!D3 -> 2 | P4: ='15.07.2026'!D3 -> 2 | Q4: ='16.07.2026'!D3 -> 2 | R4: ='17.07.2026'!D3 -> 2 | S4: ='18.07.2026'!D3 -> 0 | U4: ='20.07.2026'!D3 -> 2 | V4: ='21.07.2026'!D3 -> 2 | W4: ='22.07.2026'!D3 -> 2 | X4: ='23.07.2026'!D3 -> 2 | Y4: ='24.07.2026'!D3 -> 2 | Z4: ='25.07.2026'!D3 -> 0 | AB4: ='27.07.2026'!D3 -> 2 | AC4: ='28.07.2026'!D3 -> 2 | AD4: ='29.07.2026'!D3 -> 2 | AE4: ='30.07.2026'!D3 -> 2 | AF4: ='31.07.2026'!D3 -> 2
A5: DPE | B5: ='01.07.2026'!E3 -> 2 | C5: ='02.07.2026'!E3 -> 2 | D5: ='03.07.2026'!E3 -> 1 | E5: ='04.07.2026'!E3 -> 1 | G5: ='06.07.2026'!E3 -> 2 | H5: ='07.07.2026'!E3 -> 2 | I5: ='08.07.2026'!E3 -> 2 | J5: ='09.07.2026'!E3 -> 1 | K5: ='10.07.2026'!E3 -> 2 | L5: ='11.07.2026'!E3 -> 0 | N5: ='13.07.2026'!E3 -> 2 | O5: ='14.07.2026'!E3 -> 2 | P5: ='15.07.2026'!E3 -> 2 | Q5: ='16.07.2026'!E3 -> 2 | R5: ='17.07.2026'!E3 -> 2 | S5: ='18.07.2026'!E3 -> 0 | U5: ='20.07.2026'!E3 -> 2 | V5: ='21.07.2026'!E3 -> 2 | W5: ='22.07.2026'!E3 -> 2 | X5: ='23.07.2026'!E3 -> 2 | Y5: ='24.07.2026'!E3 -> 2 | Z5: ='25.07.2026'!E3 -> 0 | AB5: ='27.07.2026'!E3 -> 2 | AC5: ='28.07.2026'!E3 -> 2 | AD5: ='29.07.2026'!E3 -> 2 | AE5: ='30.07.2026'!E3 -> 2 | AF5: ='31.07.2026'!E3 -> 2
A6: DPZ | B6: ='01.07.2026'!F3 -> 1 | C6: ='02.07.2026'!F3 -> 1 | D6: ='03.07.2026'!F3 -> 1 | E6: ='04.07.2026'!F3 -> 1 | G6: ='06.07.2026'!F3 -> 2 | H6: ='07.07.2026'!F3 -> 2 | I6: ='08.07.2026'!F3 -> 2 | J6: ='09.07.2026'!F3 -> 2 | K6: ='10.07.2026'!F3 -> 2 | L6: ='11.07.2026'!F3 -> 1 | N6: ='13.07.2026'!F3 -> 1 | O6: ='14.07.2026'!F3 -> 1 | P6: ='15.07.2026'!F3 -> 1 | Q6: ='16.07.2026'!F3 -> 1 | R6: ='17.07.2026'!F3 -> 1 | S6: ='18.07.2026'!F3 -> 1 | U6: ='20.07.2026'!F3 -> 1 | V6: ='21.07.2026'!F3 -> 1 | W6: ='22.07.2026'!F3 -> 2 | X6: ='23.07.2026'!F3 -> 2 | Y6: ='24.07.2026'!F3 -> 2 | Z6: ='25.07.2026'!F3 -> 1 | AB6: ='27.07.2026'!F3 -> 1 | AC6: ='28.07.2026'!F3 -> 2 | AD6: ='29.07.2026'!F3 -> 2 | AE6: ='30.07.2026'!F3 -> 1 | AF6: ='31.07.2026'!F3 -> 1
A7: DFE | B7: ='01.07.2026'!G3 -> 1 | C7: ='02.07.2026'!G3 -> 0 | D7: ='03.07.2026'!G3 -> 0 | E7: ='04.07.2026'!G3 -> 0 | G7: ='06.07.2026'!G3 -> 0 | H7: ='07.07.2026'!G3 -> 0 | I7: ='08.07.2026'!G3 -> 0 | J7: ='09.07.2026'!G3 -> 0 | K7: ='10.07.2026'!G3 -> 0 | L7: ='11.07.2026'!G3 -> 0 | N7: ='13.07.2026'!G3 -> 0 | O7: ='14.07.2026'!G3 -> 0 | P7: ='15.07.2026'!G3 -> 0 | Q7: ='16.07.2026'!G3 -> 0 | R7: ='17.07.2026'!G3 -> 0 | S7: ='18.07.2026'!G3 -> 0 | U7: ='20.07.2026'!G3 -> 0 | V7: ='21.07.2026'!G3 -> 0 | W7: ='22.07.2026'!G3 -> 0 | X7: ='23.07.2026'!G3 -> 0 | Y7: ='24.07.2026'!G3 -> 0 | Z7: ='25.07.2026'!G3 -> 0 | AB7: ='27.07.2026'!G3 -> 0 | AC7: ='28.07.2026'!G3 -> 0 | AD7: ='29.07.2026'!G3 -> 0 | AE7: ='30.07.2026'!G3 -> 0 | AF7: ='31.07.2026'!G3 -> 0
A8: DGL | B8: ='01.07.2026'!H3 -> 2 | C8: ='02.07.2026'!H3 -> 2 | D8: ='03.07.2026'!H3 -> 2 | E8: ='04.07.2026'!H3 -> 0 | G8: ='06.07.2026'!H3 -> 2 | H8: ='07.07.2026'!H3 -> 2 | I8: ='08.07.2026'!H3 -> 2 | J8: ='09.07.2026'!H3 -> 2 | K8: ='10.07.2026'!H3 -> 2 | L8: ='11.07.2026'!H3 -> 0 | N8: ='13.07.2026'!H3 -> 2 | O8: ='14.07.2026'!H3 -> 2 | P8: ='15.07.2026'!H3 -> 2 | Q8: ='16.07.2026'!H3 -> 2 | R8: ='17.07.2026'!H3 -> 2 | S8: ='18.07.2026'!H3 -> 0 | U8: ='20.07.2026'!H3 -> 2 | V8: ='21.07.2026'!H3 -> 2 | W8: ='22.07.2026'!H3 -> 2 | X8: ='23.07.2026'!H3 -> 2 | Y8: ='24.07.2026'!H3 -> 2 | Z8: ='25.07.2026'!H3 -> 0 | AB8: ='27.07.2026'!H3 -> 2 | AC8: ='28.07.2026'!H3 -> 2 | AD8: ='29.07.2026'!H3 -> 2 | AE8: ='30.07.2026'!H3 -> 2 | AF8: ='31.07.2026'!H3 -> 2
A9: DGJ | B9: ='01.07.2026'!I3 -> 2 | C9: ='02.07.2026'!I3 -> 2 | D9: ='03.07.2026'!I3 -> 2 | E9: ='04.07.2026'!I3 -> 1 | G9: ='06.07.2026'!I3 -> 2 | H9: ='07.07.2026'!I3 -> 1 | I9: ='08.07.2026'!I3 -> 2 | J9: ='09.07.2026'!I3 -> 1 | K9: ='10.07.2026'!I3 -> 2 | L9: ='11.07.2026'!I3 -> 2 | N9: ='13.07.2026'!I3 -> 1 | O9: ='14.07.2026'!I3 -> 1 | P9: ='15.07.2026'!I3 -> 1 | Q9: ='16.07.2026'!I3 -> 1 | R9: ='17.07.2026'!I3 -> 1 | S9: ='18.07.2026'!I3 -> 1 | U9: ='20.07.2026'!I3 -> 1 | V9: ='21.07.2026'!I3 -> 1 | W9: ='22.07.2026'!I3 -> 1 | X9: ='23.07.2026'!I3 -> 1 | Y9: ='24.07.2026'!I3 -> 1 | Z9: ='25.07.2026'!I3 -> 1 | AB9: ='27.07.2026'!I3 -> 2 | AC9: ='28.07.2026'!I3 -> 2 | AD9: ='29.07.2026'!I3 -> 2 | AE9: ='30.07.2026'!I3 -> 2 | AF9: ='31.07.2026'!I3 -> 2

Sheet 01.07.2026
C2: DPR | D2: DMI | E2: DPE | F2: DPZ | G2: DFE | H2: DGL | I2: DGJ | K2: DPR | L2: DMI | M2: DPE | N2: DPZ | O2: DFE | P2: DGL | Q2: DGJ
B3: Numri i ekipeve | C3: 4 | D3: 2 | E3: 2 | F3: 1 | G3: 1 | H3: 2 | I3: 2 | K3: =K35/C3 -> 5.125 | L3: =L35/D3 -> 5 | M3: =M35/E3 -> 5.5416667 | N3: =N35/F3 -> 17.833333 | O3: =O35/G3 -> 4.6666667 | P3: =P35/H3 -> 5 | Q3: =Q35/I3 -> 5.6666667
A4: NR | B4: KOMERCIAL
A5: 1 | B5: Kontrollimi periodik i GM | E5: 3 | I5: 8 | K5: =C5*0.75 -> 0 | L5: =D5*0.75 -> 0 | M5: =E5*0.75 -> 2.25 | N5: =F5*0.75 -> 0 | O5: =G5*0.75 -> 0 | P5: =H5*0.75 -> 0 | Q5: =I5*0.75 -> 6
A6: 2 | B6: Kontrollimi sipas DV i GM | K6: =C6*0.75 -> 0 | L6: =D6*0.75 -> 0 | M6: =E6*0.75 -> 0 | N6: =F6*0.75 -> 0 | O6: =G6*0.75 -> 0 | P6: =H6*0.75 -> 0 | Q6: =I6*0.75 -> 0
A7: 3 | B7: Ndërrimi i TMRR-ve | K7: =C7*0.75 -> 0 | L7: =D7*0.75 -> 0 | M7: =E7*0.75 -> 0 | N7: =F7*0.75 -> 0 | O7: =G7*0.75 -> 0 | P7: =H7*0.75 -> 0 | Q7: =I7*0.75 -> 0
A8: 4 | B8: Ndërrimi i njehsorit | K8: =C8 -> 0 | L8: =D8 -> 0 | M8: =E8 -> 0 | N8: =F8 -> 0 | O8: =G8 -> 0 | P8: =H8 -> 0 | Q8: =I8 -> 0
A9: 5 | B9: Montimet e GM me PEE | K9: =C9*0.75 -> 0 | L9: =D9*0.75 -> 0 | M9: =E9*0.75 -> 0 | N9: =F9*0.75 -> 0 | O9: =G9*0.75 -> 0 | P9: =H9*0.75 -> 0 | Q9: =I9*0.75 -> 0
A10: 6 | B10: Kontrollime me kërkesë të konsumatorit | K10: =C10*0.75 -> 0 | L10: =D10*0.75 -> 0 | M10: =E10*0.75 -> 0 | N10: =F10*0.75 -> 0 | O10: =G10*0.75 -> 0 | P10: =H10*0.75 -> 0 | Q10: =I10*0.75 -> 0
A11: 7 | B11: Rregullimi i lidhjes | K11: =C11 -> 0 | L11: =D11 -> 0 | M11: =E11 -> 0 | N11: =F11 -> 0 | O11: =G11 -> 0 | P11: =H11 -> 0 | Q11: =I11 -> 0
A12: 8 | B12: Rregullim i komunikimit | C12: 7 | D12: 2 | F12: 9 | K12: =C12/2 -> 3.5 | L12: =D12/2 -> 1 | M12: =E12/2 -> 0 | N12: =F12/2 -> 4.5 | O12: =G12/2 -> 0 | P12: =H12/2 -> 0 | Q12: =I12/2 -> 0
A13: 9 | B13: Lexim | C13: 33 | E13: 25 | F13: 1 | G13: 5 | K13: =C13/3 -> 11 | L13: =D13/3 -> 0 | M13: =E13/3 -> 8.3333333 | N13: =F13/3 -> 0.33333333 | O13: =G13/3 -> 1.6666667 | P13: =H13/3 -> 0 | Q13: =I13/3 -> 0
B15: TRAFOREGJIONE
A16: 1 | B16: Kontrollimi i GM | D16: 1 | K16: =C16*0.75 -> 0 | L16: =D16*0.75 -> 0.75 | M16: =E16*0.75 -> 0 | N16: =F16*0.75 -> 0 | O16: =G16*0.75 -> 0 | P16: =H16*0.75 -> 0 | Q16: =I16*0.75 -> 0
A17: 2 | B17: Nderrimi i TMRR-ve | K17: =C17*0.75 -> 0 | L17: =D17*0.75 -> 0 | M17: =E17*0.75 -> 0 | N17: =F17*0.75 -> 0 | O17: =G17*0.75 -> 0 | P17: =H17*0.75 -> 0 | Q17: =I17*0.75 -> 0
A18: 3 | B18: Ndrrimet i njehsorit | K18: =C18 -> 0 | L18: =D18 -> 0 | M18: =E18 -> 0 | N18: =F18 -> 0 | O18: =G18 -> 0 | P18: =H18 -> 0 | Q18: =I18 -> 0
A19: 4 | B19: Montimet e GM | D19: 1 | K19: =C19*0.75 -> 0 | L19: =D19*0.75 -> 0.75 | M19: =E19*0.75 -> 0 | N19: =F19*0.75 -> 0 | O19: =G19*0.75 -> 0 | P19: =H19*0.75 -> 0 | Q19: =I19*0.75 -> 0
A20: 5 | B20: Rregullimi i lidhjes | K20: =C20 -> 0 | L20: =D20 -> 0 | M20: =E20 -> 0 | N20: =F20 -> 0 | O20: =G20 -> 0 | P20: =H20 -> 0 | Q20: =I20 -> 0
A21: 6 | B21: Rregullim i komunikimit | I21: 4 | K21: =C21/3 -> 0 | L21: =D21/3 -> 0 | M21: =E21/3 -> 0 | N21: =F21/3 -> 0 | O21: =G21/3 -> 0 | P21: =H21/3 -> 0 | Q21: =I21/3 -> 1.3333333
A22: 7 | B22: Mbesin njehsorë të dëmtuar | K22: =C22/3 -> 0 | L22: =D22/3 -> 0 | M22: =E22/3 -> 0 | N22: =F22/3 -> 0 | O22: =G22/3 -> 0 | P22: =H22/3 -> 0 | Q22: =I22/3 -> 0
A23: 8 | B23: Kontrollim sipas humbjeve | K23: =C23/3 -> 0 | L23: =D23/3 -> 0 | M23: =E23/3 -> 0 | N23: =F23/3 -> 0 | O23: =G23/3 -> 0 | P23: =H23/3 -> 0 | Q23: =I23/3 -> 0
A24: 9 | B24: Rregullim pas vendosjes së ormanit të ri | K24: =C24 -> 0 | L24: =D24 -> 0 | M24: =E24 -> 0 | N24: =F24 -> 0 | O24: =G24 -> 0 | P24: =H24 -> 0 | Q24: =I24 -> 0
A25: 10 | B25: Ndërrimet e TMRR pas ndërrimit të TR | K25: =C25 -> 0 | L25: =D25 -> 0 | M25: =E25 -> 0 | N25: =F25 -> 0 | O25: =G25 -> 0 | P25: =H25 -> 0 | Q25: =I25 -> 0
A26: 11 | B26: Koncentrator | K26: =C26/2 -> 0 | L26: =D26/2 -> 0 | M26: =E26/2 -> 0 | N26: =F26/2 -> 0 | O26: =G26/2 -> 0 | P26: =H26/2 -> 0 | Q26: =I26/2 -> 0
B28: DIREKT
A29: 1 | B29: Lidhje të reja | K29: =C29/2 -> 0 | L29: =D29/2 -> 0 | M29: =E29/2 -> 0 | N29: =F29/2 -> 0 | O29: =G29/2 -> 0 | P29: =H29/2 -> 0 | Q29: =I29/2 -> 0
A30: 2 | B30: Ndërrime | K30: =C30 -> 0 | L30: =D30 -> 0 | M30: =E30 -> 0 | N30: =F30 -> 0 | O30: =G30 -> 0 | P30: =H30 -> 0 | Q30: =I30 -> 0
A31: 3 | B31: PLC | K31: =C31 -> 0 | L31: =D31 -> 0 | M31: =E31 -> 0 | N31: =F31 -> 0 | O31: =G31 -> 0 | P31: =H31 -> 0 | Q31: =I31 -> 0
A32: 4 | B32: Kontrollim me ZERA | K32: =C32 -> 0 | L32: =D32 -> 0 | M32: =E32 -> 0 | N32: =F32 -> 0 | O32: =G32 -> 0 | P32: =H32 -> 0 | Q32: =I32 -> 0
A33: 5 | B33: Rregullim komunikimit dhe tjera | C33: 12 | D33: 15 | E33: 1 | F33: 26 | G33: 6 | H33: 20 | I33: 8 | K33: =C33/2 -> 6 | L33: =D33/2 -> 7.5 | M33: =E33/2 -> 0.5 | N33: =F33/2 -> 13 | O33: =G33/2 -> 3 | P33: =H33/2 -> 10 | Q33: =I33/2 -> 4
B35: Total raste: | C35: =SUM(C5:C13,C16:C26,C29:C33) -> 52 | D35: =SUM(D5:D13,D16:D26,D29:D33) -> 19 | E35: =SUM(E5:E13,E16:E26,E29:E33) -> 29 | F35: =SUM(F5:F13,F16:F26,F29:F33) -> 36 | G35: =SUM(G5:G13,G16:G26,G29:G33) -> 11 | H35: =SUM(H5:H13,H16:H26,H29:H33) -> 20 | I35: =SUM(I5:I13,I16:I26,I29:I33) -> 20 | K35: =SUM(K5:K33) -> 20.5 | L35: =SUM(L5:L33) -> 10 | M35: =SUM(M5:M33) -> 11.083333 | N35: =SUM(N5:N33) -> 17.833333 | O35: =SUM(O5:O33) -> 4.6666667 | P35: =SUM(P5:P33) -> 10 | Q35: =SUM(Q5:Q33) -> 11.333333

Sheet 02.07.2026
C2: DPR | D2: DMI | E2: DPE | F2: DPZ | G2: DFE | H2: DGL | I2: DGJ | K2: DPR | L2: DMI | M2: DPE | N2: DPZ | O2: DFE | P2: DGL | Q2: DGJ
B3: Numri i ekipeve | C3: 3 | D3: 2 | E3: 2 | F3: 1 | H3: 2 | I3: 2 | K3: =K35/C3 -> 4.0833333 | L3: =L35/D3 -> 5 | M3: =M35/E3 -> 5.375 | N3: =N35/F3 -> 4.5 | O3: =O35/G3 -> #DIV/0! | P3: =P35/H3 -> 6 | Q3: =Q35/I3 -> 4.75
A4: NR | B4: KOMERCIAL
A5: 1 | B5: Kontrollimi periodik i GM | D5: 5 | I5: 1 | K5: =C5*0.75 -> 0 | L5: =D5*0.75 -> 3.75 | M5: =E5*0.75 -> 0 | N5: =F5*0.75 -> 0 | O5: =G5*0.75 -> 0 | P5: =H5*0.75 -> 0 | Q5: =I5*0.75 -> 0.75
A6: 2 | B6: Kontrollimi sipas DV i GM | K6: =C6*0.75 -> 0 | L6: =D6*0.75 -> 0 | M6: =E6*0.75 -> 0 | N6: =F6*0.75 -> 0 | O6: =G6*0.75 -> 0 | P6: =H6*0.75 -> 0 | Q6: =I6*0.75 -> 0
A7: 3 | B7: Ndërrimi i TMRR-ve | K7: =C7*0.75 -> 0 | L7: =D7*0.75 -> 0 | M7: =E7*0.75 -> 0 | N7: =F7*0.75 -> 0 | O7: =G7*0.75 -> 0 | P7: =H7*0.75 -> 0 | Q7: =I7*0.75 -> 0
A8: 4 | B8: Ndërrimi i njehsorit | E8: 1 | I8: 2 | K8: =C8 -> 0 | L8: =D8 -> 0 | M8: =E8 -> 1 | N8: =F8 -> 0 | O8: =G8 -> 0 | P8: =H8 -> 0 | Q8: =I8 -> 2
A9: 5 | B9: Montimet e GM me PEE | C9: 1 | K9: =C9*0.75 -> 0.75 | L9: =D9*0.75 -> 0 | M9: =E9*0.75 -> 0 | N9: =F9*0.75 -> 0 | O9: =G9*0.75 -> 0 | P9: =H9*0.75 -> 0 | Q9: =I9*0.75 -> 0
A10: 6 | B10: Kontrollime me kërkesë të konsumatorit | K10: =C10*0.75 -> 0 | L10: =D10*0.75 -> 0 | M10: =E10*0.75 -> 0 | N10: =F10*0.75 -> 0 | O10: =G10*0.75 -> 0 | P10: =H10*0.75 -> 0 | Q10: =I10*0.75 -> 0
A11: 7 | B11: Rregullimi i lidhjes | K11: =C11 -> 0 | L11: =D11 -> 0 | M11: =E11 -> 0 | N11: =F11 -> 0 | O11: =G11 -> 0 | P11: =H11 -> 0 | Q11: =I11 -> 0
A12: 8 | B12: Rregullim i komunikimit | C12: 3 | F12: 4 | K12: =C12/2 -> 1.5 | L12: =D12/2 -> 0 | M12: =E12/2 -> 0 | N12: =F12/2 -> 2 | O12: =G12/2 -> 0 | P12: =H12/2 -> 0 | Q12: =I12/2 -> 0
A13: 9 | B13: Lexim | C13: 3 | E13: 9 | F13: 3 | K13: =C13/3 -> 1 | L13: =D13/3 -> 0 | M13: =E13/3 -> 3 | N13: =F13/3 -> 1 | O13: =G13/3 -> 0 | P13: =H13/3 -> 0 | Q13: =I13/3 -> 0
B15: TRAFOREGJIONE
A16: 1 | B16: Kontrollimi i GM | D16: 6 | E16: 3 | I16: 1 | K16: =C16*0.75 -> 0 | L16: =D16*0.75 -> 4.5 | M16: =E16*0.75 -> 2.25 | N16: =F16*0.75 -> 0 | O16: =G16*0.75 -> 0 | P16: =H16*0.75 -> 0 | Q16: =I16*0.75 -> 0.75
A17: 2 | B17: Nderrimi i TMRR-ve | K17: =C17*0.75 -> 0 | L17: =D17*0.75 -> 0 | M17: =E17*0.75 -> 0 | N17: =F17*0.75 -> 0 | O17: =G17*0.75 -> 0 | P17: =H17*0.75 -> 0 | Q17: =I17*0.75 -> 0
A18: 3 | B18: Ndrrimet i njehsorit | E18: 3 | K18: =C18 -> 0 | L18: =D18 -> 0 | M18: =E18 -> 3 | N18: =F18 -> 0 | O18: =G18 -> 0 | P18: =H18 -> 0 | Q18: =I18 -> 0
A19: 4 | B19: Montimet e GM | D19: 1 | K19: =C19*0.75 -> 0 | L19: =D19*0.75 -> 0.75 | M19: =E19*0.75 -> 0 | N19: =F19*0.75 -> 0 | O19: =G19*0.75 -> 0 | P19: =H19*0.75 -> 0 | Q19: =I19*0.75 -> 0
A20: 5 | B20: Rregullimi i lidhjes | K20: =C20 -> 0 | L20: =D20 -> 0 | M20: =E20 -> 0 | N20: =F20 -> 0 | O20: =G20 -> 0 | P20: =H20 -> 0 | Q20: =I20 -> 0
A21: 6 | B21: Rregullim i komunikimit | K21: =C21/3 -> 0 | L21: =D21/3 -> 0 | M21: =E21/3 -> 0 | N21: =F21/3 -> 0 | O21: =G21/3 -> 0 | P21: =H21/3 -> 0 | Q21: =I21/3 -> 0
A22: 7 | B22: Mbesin njehsorë të dëmtuar | K22: =C22/3 -> 0 | L22: =D22/3 -> 0 | M22: =E22/3 -> 0 | N22: =F22/3 -> 0 | O22: =G22/3 -> 0 | P22: =H22/3 -> 0 | Q22: =I22/3 -> 0
A23: 8 | B23: Kontrollim sipas humbjeve | K23: =C23/3 -> 0 | L23: =D23/3 -> 0 | M23: =E23/3 -> 0 | N23: =F23/3 -> 0 | O23: =G23/3 -> 0 | P23: =H23/3 -> 0 | Q23: =I23/3 -> 0
A24: 9 | B24: Rregullim pas vendosjes së ormanit të ri | K24: =C24 -> 0 | L24: =D24 -> 0 | M24: =E24 -> 0 | N24: =F24 -> 0 | O24: =G24 -> 0 | P24: =H24 -> 0 | Q24: =I24 -> 0
A25: 10 | B25: Ndërrimet e TMRR pas ndërrimit të TR | K25: =C25 -> 0 | L25: =D25 -> 0 | M25: =E25 -> 0 | N25: =F25 -> 0 | O25: =G25 -> 0 | P25: =H25 -> 0 | Q25: =I25 -> 0
A26: 11 | B26: Koncentrator | C26: 1 | E26: 1 | I26: 1 | K26: =C26/2 -> 0.5 | L26: =D26/2 -> 0 | M26: =E26/2 -> 0.5 | N26: =F26/2 -> 0 | O26: =G26/2 -> 0 | P26: =H26/2 -> 0 | Q26: =I26/2 -> 0.5
B28: DIREKT
A29: 1 | B29: Lidhje të reja | K29: =C29/2 -> 0 | L29: =D29/2 -> 0 | M29: =E29/2 -> 0 | N29: =F29/2 -> 0 | O29: =G29/2 -> 0 | P29: =H29/2 -> 0 | Q29: =I29/2 -> 0
A30: 2 | B30: Ndërrime | C30: 1 | D30: 1 | K30: =C30 -> 1 | L30: =D30 -> 1 | M30: =E30 -> 0 | N30: =F30 -> 0 | O30: =G30 -> 0 | P30: =H30 -> 0 | Q30: =I30 -> 0
A31: 3 | B31: PLC | K31: =C31 -> 0 | L31: =D31 -> 0 | M31: =E31 -> 0 | N31: =F31 -> 0 | O31: =G31 -> 0 | P31: =H31 -> 0 | Q31: =I31 -> 0
A32: 4 | B32: Kontrollim me ZERA | K32: =C32 -> 0 | L32: =D32 -> 0 | M32: =E32 -> 0 | N32: =F32 -> 0 | O32: =G32 -> 0 | P32: =H32 -> 0 | Q32: =I32 -> 0
A33: 5 | B33: Rregullim komunikimit dhe tjera | C33: 15 | E33: 2 | F33: 3 | H33: 24 | I33: 11 | K33: =C33/2 -> 7.5 | L33: =D33/2 -> 0 | M33: =E33/2 -> 1 | N33: =F33/2 -> 1.5 | O33: =G33/2 -> 0 | P33: =H33/2 -> 12 | Q33: =I33/2 -> 5.5
B35: Total raste: | C35: =SUM(C5:C13,C16:C26,C29:C33) -> 24 | D35: =SUM(D5:D13,D16:D26,D29:D33) -> 13 | E35: =SUM(E5:E13,E16:E26,E29:E33) -> 19 | F35: =SUM(F5:F13,F16:F26,F29:F33) -> 10 | G35: =SUM(G5:G13,G16:G26,G29:G33) -> 0 | H35: =SUM(H5:H13,H16:H26,H29:H33) -> 24 | I35: =SUM(I5:I13,I16:I26,I29:I33) -> 16 | K35: =SUM(K5:K33) -> 12.25 | L35: =SUM(L5:L33) -> 10 | M35: =SUM(M5:M33) -> 10.75 | N35: =SUM(N5:N33) -> 4.5 | O35: =SUM(O5:O33) -> 0 | P35: =SUM(P5:P33) -> 12 | Q35: =SUM(Q5:Q33) -> 9.5

Sheet 03.07.2026
C2: DPR | D2: DMI | E2: DPE | F2: DPZ | G2: DFE | H2: DGL | I2: DGJ | K2: DPR | L2: DMI | M2: DPE | N2: DPZ | O2: DFE | P2: DGL | Q2: DGJ
B3: Numri i ekipeve | C3: 3 | D3: 2 | E3: 1 | F3: 1 | H3: 2 | I3: 2 | K3: =K35/C3 -> 5.25 | L3: =L35/D3 -> 4.625 | M3: =M35/E3 -> 4.5 | N3: =N35/F3 -> 3.75 | O3: =O35/G3 -> #DIV/0! | P3: =P35/H3 -> 4 | Q3: =Q35/I3 -> 5.5
A4: NR | B4: KOMERCIAL
A5: 1 | B5: Kontrollimi periodik i GM | C5: 4 | D5: 3 | F5: 3 | I5: 6 | K5: =C5*0.75 -> 3 | L5: =D5*0.75 -> 2.25 | M5: =E5*0.75 -> 0 | N5: =F5*0.75 -> 2.25 | O5: =G5*0.75 -> 0 | P5: =H5*0.75 -> 0 | Q5: =I5*0.75 -> 4.5
A6: 2 | B6: Kontrollimi sipas DV i GM | K6: =C6*0.75 -> 0 | L6: =D6*0.75 -> 0 | M6: =E6*0.75 -> 0 | N6: =F6*0.75 -> 0 | O6: =G6*0.75 -> 0 | P6: =H6*0.75 -> 0 | Q6: =I6*0.75 -> 0
A7: 3 | B7: Ndërrimi i TMRR-ve | K7: =C7*0.75 -> 0 | L7: =D7*0.75 -> 0 | M7: =E7*0.75 -> 0 | N7: =F7*0.75 -> 0 | O7: =G7*0.75 -> 0 | P7: =H7*0.75 -> 0 | Q7: =I7*0.75 -> 0
A8: 4 | B8: Ndërrimi i njehsorit | E8: 4 | H8: 7 | I8: 4 | K8: =C8 -> 0 | L8: =D8 -> 0 | M8: =E8 -> 4 | N8: =F8 -> 0 | O8: =G8 -> 0 | P8: =H8 -> 7 | Q8: =I8 -> 4
A9: 5 | B9: Montimet e GM me PEE | C9: 6 | K9: =C9*0.75 -> 4.5 | L9: =D9*0.75 -> 0 | M9: =E9*0.75 -> 0 | N9: =F9*0.75 -> 0 | O9: =G9*0.75 -> 0 | P9: =H9*0.75 -> 0 | Q9: =I9*0.75 -> 0
A10: 6 | B10: Kontrollime me kërkesë të konsumatorit | K10: =C10*0.75 -> 0 | L10: =D10*0.75 -> 0 | M10: =E10*0.75 -> 0 | N10: =F10*0.75 -> 0 | O10: =G10*0.75 -> 0 | P10: =H10*0.75 -> 0 | Q10: =I10*0.75 -> 0
A11: 7 | B11: Rregullimi i lidhjes | K11: =C11 -> 0 | L11: =D11 -> 0 | M11: =E11 -> 0 | N11: =F11 -> 0 | O11: =G11 -> 0 | P11: =H11 -> 0 | Q11: =I11 -> 0
A12: 8 | B12: Rregullim i komunikimit | K12: =C12/2 -> 0 | L12: =D12/2 -> 0 | M12: =E12/2 -> 0 | N12: =F12/2 -> 0 | O12: =G12/2 -> 0 | P12: =H12/2 -> 0 | Q12: =I12/2 -> 0
A13: 9 | B13: Lexim | K13: =C13/3 -> 0 | L13: =D13/3 -> 0 | M13: =E13/3 -> 0 | N13: =F13/3 -> 0 | O13: =G13/3 -> 0 | P13: =H13/3 -> 0 | Q13: =I13/3 -> 0
B15: TRAFOREGJIONE
A16: 1 | B16: Kontrollimi i GM | C16: 11 | D16: 8 | F16: 2 | I16: 2 | K16: =C16*0.75 -> 8.25 | L16: =D16*0.75 -> 6 | M16: =E16*0.75 -> 0 | N16: =F16*0.75 -> 1.5 | O16: =G16*0.75 -> 0 | P16: =H16*0.75 -> 0 | Q16: =I16*0.75 -> 1.5
A17: 2 | B17: Nderrimi i TMRR-ve | K17: =C17*0.75 -> 0 | L17: =D17*0.75 -> 0 | M17: =E17*0.75 -> 0 | N17: =F17*0.75 -> 0 | O17: =G17*0.75 -> 0 | P17: =H17*0.75 -> 0 | Q17: =I17*0.75 -> 0
A18: 3 | B18: Ndrrimet i njehsorit | I18: 1 | K18: =C18 -> 0 | L18: =D18 -> 0 | M18: =E18 -> 0 | N18: =F18 -> 0 | O18: =G18 -> 0 | P18: =H18 -> 0 | Q18: =I18 -> 1
A19: 4 | B19: Montimet e GM | K19: =C19*0.75 -> 0 | L19: =D19*0.75 -> 0 | M19: =E19*0.75 -> 0 | N19: =F19*0.75 -> 0 | O19: =G19*0.75 -> 0 | P19: =H19*0.75 -> 0 | Q19: =I19*0.75 -> 0
A20: 5 | B20: Rregullimi i lidhjes | K20: =C20 -> 0 | L20: =D20 -> 0 | M20: =E20 -> 0 | N20: =F20 -> 0 | O20: =G20 -> 0 | P20: =H20 -> 0 | Q20: =I20 -> 0
A21: 6 | B21: Rregullim i komunikimit | K21: =C21/3 -> 0 | L21: =D21/3 -> 0 | M21: =E21/3 -> 0 | N21: =F21/3 -> 0 | O21: =G21/3 -> 0 | P21: =H21/3 -> 0 | Q21: =I21/3 -> 0
A22: 7 | B22: Mbesin njehsorë të dëmtuar | K22: =C22/3 -> 0 | L22: =D22/3 -> 0 | M22: =E22/3 -> 0 | N22: =F22/3 -> 0 | O22: =G22/3 -> 0 | P22: =H22/3 -> 0 | Q22: =I22/3 -> 0
A23: 8 | B23: Kontrollim sipas humbjeve | K23: =C23/3 -> 0 | L23: =D23/3 -> 0 | M23: =E23/3 -> 0 | N23: =F23/3 -> 0 | O23: =G23/3 -> 0 | P23: =H23/3 -> 0 | Q23: =I23/3 -> 0
A24: 9 | B24: Rregullim pas vendosjes së ormanit të ri | K24: =C24 -> 0 | L24: =D24 -> 0 | M24: =E24 -> 0 | N24: =F24 -> 0 | O24: =G24 -> 0 | P24: =H24 -> 0 | Q24: =I24 -> 0
A25: 10 | B25: Ndërrimet e TMRR pas ndërrimit të TR | K25: =C25 -> 0 | L25: =D25 -> 0 | M25: =E25 -> 0 | N25: =F25 -> 0 | O25: =G25 -> 0 | P25: =H25 -> 0 | Q25: =I25 -> 0
A26: 11 | B26: Koncentrator | K26: =C26/2 -> 0 | L26: =D26/2 -> 0 | M26: =E26/2 -> 0 | N26: =F26/2 -> 0 | O26: =G26/2 -> 0 | P26: =H26/2 -> 0 | Q26: =I26/2 -> 0
B28: DIREKT
A29: 1 | B29: Lidhje të reja | K29: =C29/2 -> 0 | L29: =D29/2 -> 0 | M29: =E29/2 -> 0 | N29: =F29/2 -> 0 | O29: =G29/2 -> 0 | P29: =H29/2 -> 0 | Q29: =I29/2 -> 0
A30: 2 | B30: Ndërrime | D30: 1 | K30: =C30 -> 0 | L30: =D30 -> 1 | M30: =E30 -> 0 | N30: =F30 -> 0 | O30: =G30 -> 0 | P30: =H30 -> 0 | Q30: =I30 -> 0
A31: 3 | B31: PLC | K31: =C31 -> 0 | L31: =D31 -> 0 | M31: =E31 -> 0 | N31: =F31 -> 0 | O31: =G31 -> 0 | P31: =H31 -> 0 | Q31: =I31 -> 0
A32: 4 | B32: Kontrollim me ZERA | K32: =C32 -> 0 | L32: =D32 -> 0 | M32: =E32 -> 0 | N32: =F32 -> 0 | O32: =G32 -> 0 | P32: =H32 -> 0 | Q32: =I32 -> 0
A33: 5 | B33: Rregullim komunikimit dhe tjera | E33: 1 | H33: 2 | K33: =C33/2 -> 0 | L33: =D33/2 -> 0 | M33: =E33/2 -> 0.5 | N33: =F33/2 -> 0 | O33: =G33/2 -> 0 | P33: =H33/2 -> 1 | Q33: =I33/2 -> 0
B35: Total raste: | C35: =SUM(C5:C13,C16:C26,C29:C33) -> 21 | D35: =SUM(D5:D13,D16:D26,D29:D33) -> 12 | E35: =SUM(E5:E13,E16:E26,E29:E33) -> 5 | F35: =SUM(F5:F13,F16:F26,F29:F33) -> 5 | G35: =SUM(G5:G13,G16:G26,G29:G33) -> 0 | H35: =SUM(H5:H13,H16:H26,H29:H33) -> 9 | I35: =SUM(I5:I13,I16:I26,I29:I33) -> 13 | K35: =SUM(K5:K33) -> 15.75 | L35: =SUM(L5:L33) -> 9.25 | M35: =SUM(M5:M33) -> 4.5 | N35: =SUM(N5:N33) -> 3.75 | O35: =SUM(O5:O33) -> 0 | P35: =SUM(P5:P33) -> 8 | Q35: =SUM(Q5:Q33) -> 11

Sheet 04.07.2026
C2: DPR | D2: DMI | E2: DPE | F2: DPZ | G2: DFE | H2: DGL | I2: DGJ | K2: DPR | L2: DMI | M2: DPE | N2: DPZ | O2: DFE | P2: DGL | Q2: DGJ
B3: Numri i ekipeve | C3: 3 | D3: 1 | E3: 1 | F3: 1 | I3: 1 | K3: =K35/C3 -> 7.1666667 | L3: =L35/D3 -> 7.5 | M3: =M35/E3 -> 7 | N3: =N35/F3 -> 10 | O3: =O35/G3 -> #DIV/0! | P3: =P35/H3 -> #DIV/0! | Q3: =Q35/I3 -> 7.75
A4: NR | B4: KOMERCIAL
A5: 1 | B5: Kontrollimi periodik i GM | D5: 4 | E5: 5 | F5: 7 | I5: 6 | K5: =C5*0.75 -> 0 | L5: =D5*0.75 -> 3 | M5: =E5*0.75 -> 3.75 | N5: =F5*0.75 -> 5.25 | O5: =G5*0.75 -> 0 | P5: =H5*0.75 -> 0 | Q5: =I5*0.75 -> 4.5
A6: 2 | B6: Kontrollimi sipas DV i GM | K6: =C6*0.75 -> 0 | L6: =D6*0.75 -> 0 | M6: =E6*0.75 -> 0 | N6: =F6*0.75 -> 0 | O6: =G6*0.75 -> 0 | P6: =H6*0.75 -> 0 | Q6: =I6*0.75 -> 0
A7: 3 | B7: Ndërrimi i TMRR-ve | K7: =C7*0.75 -> 0 | L7: =D7*0.75 -> 0 | M7: =E7*0.75 -> 0 | N7: =F7*0.75 -> 0 | O7: =G7*0.75 -> 0 | P7: =H7*0.75 -> 0 | Q7: =I7*0.75 -> 0
A8: 4 | B8: Ndërrimi i njehsorit | C8: 4 | K8: =C8 -> 4 | L8: =D8 -> 0 | M8: =E8 -> 0 | N8: =F8 -> 0 | O8: =G8 -> 0 | P8: =H8 -> 0 | Q8: =I8 -> 0
A9: 5 | B9: Montimet e GM me PEE | C9: 1 | E9: 1 | K9: =C9*0.75 -> 0.75 | L9: =D9*0.75 -> 0 | M9: =E9*0.75 -> 0.75 | N9: =F9*0.75 -> 0 | O9: =G9*0.75 -> 0 | P9: =H9*0.75 -> 0 | Q9: =I9*0.75 -> 0
A10: 6 | B10: Kontrollime me kërkesë të konsumatorit | K10: =C10*0.75 -> 0 | L10: =D10*0.75 -> 0 | M10: =E10*0.75 -> 0 | N10: =F10*0.75 -> 0 | O10: =G10*0.75 -> 0 | P10: =H10*0.75 -> 0 | Q10: =I10*0.75 -> 0
A11: 7 | B11: Rregullimi i lidhjes | K11: =C11 -> 0 | L11: =D11 -> 0 | M11: =E11 -> 0 | N11: =F11 -> 0 | O11: =G11 -> 0 | P11: =H11 -> 0 | Q11: =I11 -> 0
A12: 8 | B12: Rregullim i komunikimit | K12: =C12/2 -> 0 | L12: =D12/2 -> 0 | M12: =E12/2 -> 0 | N12: =F12/2 -> 0 | O12: =G12/2 -> 0 | P12: =H12/2 -> 0 | Q12: =I12/2 -> 0
A13: 9 | B13: Lexim | K13: =C13/3 -> 0 | L13: =D13/3 -> 0 | M13: =E13/3 -> 0 | N13: =F13/3 -> 0 | O13: =G13/3 -> 0 | P13: =H13/3 -> 0 | Q13: =I13/3 -> 0
B15: TRAFOREGJIONE
A16: 1 | B16: Kontrollimi i GM | C16: 18 | D16: 6 | E16: 2 | F16: 5 | I16: 3 | K16: =C16*0.75 -> 13.5 | L16: =D16*0.75 -> 4.5 | M16: =E16*0.75 -> 1.5 | N16: =F16*0.75 -> 3.75 | O16: =G16*0.75 -> 0 | P16: =H16*0.75 -> 0 | Q16: =I16*0.75 -> 2.25
A17: 2 | B17: Nderrimi i TMRR-ve | K17: =C17*0.75 -> 0 | L17: =D17*0.75 -> 0 | M17: =E17*0.75 -> 0 | N17: =F17*0.75 -> 0 | O17: =G17*0.75 -> 0 | P17: =H17*0.75 -> 0 | Q17: =I17*0.75 -> 0
A18: 3 | B18: Ndrrimet i njehsorit | I18: 1 | K18: =C18 -> 0 | L18: =D18 -> 0 | M18: =E18 -> 0 | N18: =F18 -> 0 | O18: =G18 -> 0 | P18: =H18 -> 0 | Q18: =I18 -> 1
A19: 4 | B19: Montimet e GM | C19: 1 | K19: =C19*0.75 -> 0.75 | L19: =D19*0.75 -> 0 | M19: =E19*0.75 -> 0 | N19: =F19*0.75 -> 0 | O19: =G19*0.75 -> 0 | P19: =H19*0.75 -> 0 | Q19: =I19*0.75 -> 0
A20: 5 | B20: Rregullimi i lidhjes | K20: =C20 -> 0 | L20: =D20 -> 0 | M20: =E20 -> 0 | N20: =F20 -> 0 | O20: =G20 -> 0 | P20: =H20 -> 0 | Q20: =I20 -> 0
A21: 6 | B21: Rregullim i komunikimit | K21: =C21/3 -> 0 | L21: =D21/3 -> 0 | M21: =E21/3 -> 0 | N21: =F21/3 -> 0 | O21: =G21/3 -> 0 | P21: =H21/3 -> 0 | Q21: =I21/3 -> 0
A22: 7 | B22: Mbesin njehsorë të dëmtuar | K22: =C22/3 -> 0 | L22: =D22/3 -> 0 | M22: =E22/3 -> 0 | N22: =F22/3 -> 0 | O22: =G22/3 -> 0 | P22: =H22/3 -> 0 | Q22: =I22/3 -> 0
A23: 8 | B23: Kontrollim sipas humbjeve | K23: =C23/3 -> 0 | L23: =D23/3 -> 0 | M23: =E23/3 -> 0 | N23: =F23/3 -> 0 | O23: =G23/3 -> 0 | P23: =H23/3 -> 0 | Q23: =I23/3 -> 0
A24: 9 | B24: Rregullim pas vendosjes së ormanit të ri | K24: =C24 -> 0 | L24: =D24 -> 0 | M24: =E24 -> 0 | N24: =F24 -> 0 | O24: =G24 -> 0 | P24: =H24 -> 0 | Q24: =I24 -> 0
A25: 10 | B25: Ndërrimet e TMRR pas ndërrimit të TR | K25: =C25 -> 0 | L25: =D25 -> 0 | M25: =E25 -> 0 | N25: =F25 -> 0 | O25: =G25 -> 0 | P25: =H25 -> 0 | Q25: =I25 -> 0
A26: 11 | B26: Koncentrator | C26: 1 | E26: 2 | K26: =C26/2 -> 0.5 | L26: =D26/2 -> 0 | M26: =E26/2 -> 1 | N26: =F26/2 -> 0 | O26: =G26/2 -> 0 | P26: =H26/2 -> 0 | Q26: =I26/2 -> 0
B28: DIREKT
A29: 1 | B29: Lidhje të reja | K29: =C29/2 -> 0 | L29: =D29/2 -> 0 | M29: =E29/2 -> 0 | N29: =F29/2 -> 0 | O29: =G29/2 -> 0 | P29: =H29/2 -> 0 | Q29: =I29/2 -> 0
A30: 2 | B30: Ndërrime | C30: 2 | K30: =C30 -> 2 | L30: =D30 -> 0 | M30: =E30 -> 0 | N30: =F30 -> 0 | O30: =G30 -> 0 | P30: =H30 -> 0 | Q30: =I30 -> 0
A31: 3 | B31: PLC | K31: =C31 -> 0 | L31: =D31 -> 0 | M31: =E31 -> 0 | N31: =F31 -> 0 | O31: =G31 -> 0 | P31: =H31 -> 0 | Q31: =I31 -> 0
A32: 4 | B32: Kontrollim me ZERA | F32: 1 | K32: =C32 -> 0 | L32: =D32 -> 0 | M32: =E32 -> 0 | N32: =F32 -> 1 | O32: =G32 -> 0 | P32: =H32 -> 0 | Q32: =I32 -> 0
A33: 5 | B33: Rregullim komunikimit dhe tjera | K33: =C33/2 -> 0 | L33: =D33/2 -> 0 | M33: =E33/2 -> 0 | N33: =F33/2 -> 0 | O33: =G33/2 -> 0 | P33: =H33/2 -> 0 | Q33: =I33/2 -> 0
B35: Total raste: | C35: =SUM(C5:C13,C16:C26,C29:C33) -> 27 | D35: =SUM(D5:D13,D16:D26,D29:D33) -> 10 | E35: =SUM(E5:E13,E16:E26,E29:E33) -> 10 | F35: =SUM(F5:F13,F16:F26,F29:F33) -> 13 | G35: =SUM(G5:G13,G16:G26,G29:G33) -> 0 | H35: =SUM(H5:H13,H16:H26,H29:H33) -> 0 | I35: =SUM(I5:I13,I16:I26,I29:I33) -> 10 | K35: =SUM(K5:K33) -> 21.5 | L35: =SUM(L5:L33) -> 7.5 | M35: =SUM(M5:M33) -> 7 | N35: =SUM(N5:N33) -> 10 | O35: =SUM(O5:O33) -> 0 | P35: =SUM(P5:P33) -> 0 | Q35: =SUM(Q5:Q33) -> 7.75

Sheet 06.07.2026
C2: DPR | D2: DMI | E2: DPE | F2: DPZ | G2: DFE | H2: DGL | I2: DGJ | K2: DPR | L2: DMI | M2: DPE | N2: DPZ | O2: DFE | P2: DGL | Q2: DGJ
B3: Numri i ekipeve | C3: 4 | D3: 2 | E3: 2 | F3: 2 | H3: 2 | I3: 2 | K3: =K35/C3 -> 4.7083333 | L3: =L35/D3 -> 4.75 | M3: =M35/E3 -> 6 | N3: =N35/F3 -> 6.875 | O3: =O35/G3 -> #DIV/0! | P3: =P35/H3 -> 5.375 | Q3: =Q35/I3 -> 5.75
A4: NR | B4: KOMERCIAL
A5: 1 | B5: Kontrollimi periodik i GM | C5: 6 | D5: 6 | E5: 2 | F5: 13 | H5: 2 | I5: 11 | K5: =C5*0.75 -> 4.5 | L5: =D5*0.75 -> 4.5 | M5: =E5*0.75 -> 1.5 | N5: =F5*0.75 -> 9.75 | O5: =G5*0.75 -> 0 | P5: =H5*0.75 -> 1.5 | Q5: =I5*0.75 -> 8.25
A6: 2 | B6: Kontrollimi sipas DV i GM | E6: 1 | K6: =C6*0.75 -> 0 | L6: =D6*0.75 -> 0 | M6: =E6*0.75 -> 0.75 | N6: =F6*0.75 -> 0 | O6: =G6*0.75 -> 0 | P6: =H6*0.75 -> 0 | Q6: =I6*0.75 -> 0
A7: 3 | B7: Ndërrimi i TMRR-ve | K7: =C7*0.75 -> 0 | L7: =D7*0.75 -> 0 | M7: =E7*0.75 -> 0 | N7: =F7*0.75 -> 0 | O7: =G7*0.75 -> 0 | P7: =H7*0.75 -> 0 | Q7: =I7*0.75 -> 0
A8: 4 | B8: Ndërrimi i njehsorit | C8: 1 | H8: 1 | K8: =C8 -> 1 | L8: =D8 -> 0 | M8: =E8 -> 0 | N8: =F8 -> 0 | O8: =G8 -> 0 | P8: =H8 -> 1 | Q8: =I8 -> 0
A9: 5 | B9: Montimet e GM me PEE | K9: =C9*0.75 -> 0 | L9: =D9*0.75 -> 0 | M9: =E9*0.75 -> 0 | N9: =F9*0.75 -> 0 | O9: =G9*0.75 -> 0 | P9: =H9*0.75 -> 0 | Q9: =I9*0.75 -> 0
A10: 6 | B10: Kontrollime me kërkesë të konsumatorit | K10: =C10*0.75 -> 0 | L10: =D10*0.75 -> 0 | M10: =E10*0.75 -> 0 | N10: =F10*0.75 -> 0 | O10: =G10*0.75 -> 0 | P10: =H10*0.75 -> 0 | Q10: =I10*0.75 -> 0
A11: 7 | B11: Rregullimi i lidhjes | E11: 1 | K11: =C11 -> 0 | L11: =D11 -> 0 | M11: =E11 -> 1 | N11: =F11 -> 0 | O11: =G11 -> 0 | P11: =H11 -> 0 | Q11: =I11 -> 0
A12: 8 | B12: Rregullim i komunikimit | E12: 3 | K12: =C12/2 -> 0 | L12: =D12/2 -> 0 | M12: =E12/2 -> 1.5 | N12: =F12/2 -> 0 | O12: =G12/2 -> 0 | P12: =H12/2 -> 0 | Q12: =I12/2 -> 0
A13: 9 | B13: Lexim | C13: 1 | K13: =C13/3 -> 0.33333333 | L13: =D13/3 -> 0 | M13: =E13/3 -> 0 | N13: =F13/3 -> 0 | O13: =G13/3 -> 0 | P13: =H13/3 -> 0 | Q13: =I13/3 -> 0
B15: TRAFOREGJIONE
A16: 1 | B16: Kontrollimi i GM | C16: 16 | D16: 6 | E16: 5 | F16: 4 | H16: 5 | I16: 1 | K16: =C16*0.75 -> 12 | L16: =D16*0.75 -> 4.5 | M16: =E16*0.75 -> 3.75 | N16: =F16*0.75 -> 3 | O16: =G16*0.75 -> 0 | P16: =H16*0.75 -> 3.75 | Q16: =I16*0.75 -> 0.75
A17: 2 | B17: Nderrimi i TMRR-ve | K17: =C17*0.75 -> 0 | L17: =D17*0.75 -> 0 | M17: =E17*0.75 -> 0 | N17: =F17*0.75 -> 0 | O17: =G17*0.75 -> 0 | P17: =H17*0.75 -> 0 | Q17: =I17*0.75 -> 0
A18: 3 | B18: Ndrrimet i njehsorit | H18: 3 | K18: =C18 -> 0 | L18: =D18 -> 0 | M18: =E18 -> 0 | N18: =F18 -> 0 | O18: =G18 -> 0 | P18: =H18 -> 3 | Q18: =I18 -> 0
A19: 4 | B19: Montimet e GM | K19: =C19*0.75 -> 0 | L19: =D19*0.75 -> 0 | M19: =E19*0.75 -> 0 | N19: =F19*0.75 -> 0 | O19: =G19*0.75 -> 0 | P19: =H19*0.75 -> 0 | Q19: =I19*0.75 -> 0
A20: 5 | B20: Rregullimi i lidhjes | E20: 2 | K20: =C20 -> 0 | L20: =D20 -> 0 | M20: =E20 -> 2 | N20: =F20 -> 0 | O20: =G20 -> 0 | P20: =H20 -> 0 | Q20: =I20 -> 0
A21: 6 | B21: Rregullim i komunikimit | K21: =C21/3 -> 0 | L21: =D21/3 -> 0 | M21: =E21/3 -> 0 | N21: =F21/3 -> 0 | O21: =G21/3 -> 0 | P21: =H21/3 -> 0 | Q21: =I21/3 -> 0
A22: 7 | B22: Mbesin njehsorë të dëmtuar | K22: =C22/3 -> 0 | L22: =D22/3 -> 0 | M22: =E22/3 -> 0 | N22: =F22/3 -> 0 | O22: =G22/3 -> 0 | P22: =H22/3 -> 0 | Q22: =I22/3 -> 0
A23: 8 | B23: Kontrollim sipas humbjeve | K23: =C23/3 -> 0 | L23: =D23/3 -> 0 | M23: =E23/3 -> 0 | N23: =F23/3 -> 0 | O23: =G23/3 -> 0 | P23: =H23/3 -> 0 | Q23: =I23/3 -> 0
A24: 9 | B24: Rregullim pas vendosjes së ormanit të ri | K24: =C24 -> 0 | L24: =D24 -> 0 | M24: =E24 -> 0 | N24: =F24 -> 0 | O24: =G24 -> 0 | P24: =H24 -> 0 | Q24: =I24 -> 0
A25: 10 | B25: Ndërrimet e TMRR pas ndërrimit të TR | K25: =C25 -> 0 | L25: =D25 -> 0 | M25: =E25 -> 0 | N25: =F25 -> 0 | O25: =G25 -> 0 | P25: =H25 -> 0 | Q25: =I25 -> 0
A26: 11 | B26: Koncentrator | D26: 1 | E26: 1 | I26: 3 | K26: =C26/2 -> 0 | L26: =D26/2 -> 0.5 | M26: =E26/2 -> 0.5 | N26: =F26/2 -> 0 | O26: =G26/2 -> 0 | P26: =H26/2 -> 0 | Q26: =I26/2 -> 1.5
B28: DIREKT
A29: 1 | B29: Lidhje të reja | K29: =C29/2 -> 0 | L29: =D29/2 -> 0 | M29: =E29/2 -> 0 | N29: =F29/2 -> 0 | O29: =G29/2 -> 0 | P29: =H29/2 -> 0 | Q29: =I29/2 -> 0
A30: 2 | B30: Ndërrime | I30: 1 | K30: =C30 -> 0 | L30: =D30 -> 0 | M30: =E30 -> 0 | N30: =F30 -> 0 | O30: =G30 -> 0 | P30: =H30 -> 0 | Q30: =I30 -> 1
A31: 3 | B31: PLC | C31: 1 | K31: =C31 -> 1 | L31: =D31 -> 0 | M31: =E31 -> 0 | N31: =F31 -> 0 | O31: =G31 -> 0 | P31: =H31 -> 0 | Q31: =I31 -> 0
A32: 4 | B32: Kontrollim me ZERA | K32: =C32 -> 0 | L32: =D32 -> 0 | M32: =E32 -> 0 | N32: =F32 -> 0 | O32: =G32 -> 0 | P32: =H32 -> 0 | Q32: =I32 -> 0
A33: 5 | B33: Rregullim komunikimit dhe tjera | E33: 2 | F33: 2 | H33: 3 | K33: =C33/2 -> 0 | L33: =D33/2 -> 0 | M33: =E33/2 -> 1 | N33: =F33/2 -> 1 | O33: =G33/2 -> 0 | P33: =H33/2 -> 1.5 | Q33: =I33/2 -> 0
B35: Total raste: | C35: =SUM(C5:C13,C16:C26,C29:C33) -> 25 | D35: =SUM(D5:D13,D16:D26,D29:D33) -> 13 | E35: =SUM(E5:E13,E16:E26,E29:E33) -> 17 | F35: =SUM(F5:F13,F16:F26,F29:F33) -> 19 | G35: =SUM(G5:G13,G16:G26,G29:G33) -> 0 | H35: =SUM(H5:H13,H16:H26,H29:H33) -> 14 | I35: =SUM(I5:I13,I16:I26,I29:I33) -> 16 | K35: =SUM(K5:K33) -> 18.833333 | L35: =SUM(L5:L33) -> 9.5 | M35: =SUM(M5:M33) -> 12 | N35: =SUM(N5:N33) -> 13.75 | O35: =SUM(O5:O33) -> 0 | P35: =SUM(P5:P33) -> 10.75 | Q35: =SUM(Q5:Q33) -> 11.5

Sheet 07.07.2026
C2: DPR | D2: DMI | E2: DPE | F2: DPZ | G2: DFE | H2: DGL | I2: DGJ | K2: DPR | L2: DMI | M2: DPE | N2: DPZ | O2: DFE | P2: DGL | Q2: DGJ
B3: Numri i ekipeve | C3: 4 | D3: 2 | E3: 2 | F3: 2 | H3: 2 | I3: 1 | K3: =K35/C3 -> 6.25 | L3: =L35/D3 -> 5.625 | M3: =M35/E3 -> 5 | N3: =N35/F3 -> 7.375 | O3: =O35/G3 -> #DIV/0! | P3: =P35/H3 -> 6.125 | Q3: =Q35/I3 -> 6.25
